MUNICÍPIO,UF
Brasiléia,AC
Cruzeiro do Sul,AC
Mâncio Lima,AC
Feijó,AC
Rio Branco,AC
Sena Madureira,AC
Tarauacá,AC
Xapuri,AC
Plácido de Castro,AC
Senador Guiomard,AC
Manoel Urbano,AC
Assis Brasil,AC
Acrelândia,AC
Bujari,AC
Capixaba,AC
Porto Acre,AC
Epitaciolândia,AC
Jordão,AC
Marechal Thaumaturgo,AC
Porto Walter,AC
Rodrigues Alves,AC
Santa Rosa do Purus,AC
Campestre,AL
Jequiá da Praia,AL
Teotônio Vilela,AL
Paripueira,AL
Estrela de Alagoas,AL
Pariconha,AL
Água Branca,AL
Anadia,AL
Arapiraca,AL
Atalaia,AL
Barra de Santo Antônio,AL
Barra de São Miguel,AL
Batalha,AL
Belém,AL
Belo Monte,AL
Boca da Mata,AL
Branquinha,AL
Cacimbinhas,AL
Cajueiro,AL
Campo Alegre,AL
Campo Grande,AL
Canapi,AL
Capela,AL
Carneiros,AL
Chã Preta,AL
Coité do Nóia,AL
Colônia Leopoldina,AL
Coqueiro Seco,AL
Coruripe,AL
Delmiro Gouveia,AL
Dois Riachos,AL
Feira Grande,AL
Feliz Deserto,AL
Flexeiras,AL
Girau do Ponciano,AL
Ibateguara,AL
Igaci,AL
Igreja Nova,AL
Inhapi,AL
Jacaré dos Homens,AL
Jacuípe,AL
Japaratinga,AL
Jaramataia,AL
Joaquim Gomes,AL
Jundiá,AL
Junqueiro,AL
Lagoa da Canoa,AL
Limoeiro de Anadia,AL
Maceió,AL
Major Isidoro,AL
Maragogi,AL
Maravilha,AL
Marechal Deodoro,AL
Maribondo,AL
Mar Vermelho,AL
Mata Grande,AL
Matriz de Camaragibe,AL
Messias,AL
Minador do Negrão,AL
Monteirópolis,AL
Murici,AL
Novo Lino,AL
Olho d'Água das Flores,AL
Olho d'Água do Casado,AL
Olho d'Água Grande,AL
Olivença,AL
Ouro Branco,AL
Palestina,AL
Palmeira dos Índios,AL
Pão de Açúcar,AL
Passo de Camaragibe,AL
Paulo Jacinto,AL
Penedo,AL
Piaçabuçu,AL
Pilar,AL
Pindoba,AL
Piranhas,AL
Poço das Trincheiras,AL
Porto Calvo,AL
Porto de Pedras,AL
Porto Real do Colégio,AL
Quebrangulo,AL
Rio Largo,AL
Roteiro,AL
Santa Luzia do Norte,AL
Santana do Ipanema,AL
Santana do Mundaú,AL
São Brás,AL
São José da Laje,AL
São José da Tapera,AL
São Luís do Quitunde,AL
São Miguel dos Campos,AL
São Miguel dos Milagres,AL
São Sebastião,AL
Satuba,AL
Tanque d'Arca,AL
Taquarana,AL
Traipu,AL
União dos Palmares,AL
Viçosa,AL
Craíbas,AL
Senador Rui Palmeira,AL
Novo Airão,AM
Anori,AM
Atalaia do Norte,AM
Autazes,AM
Barcelos,AM
Barreirinha,AM
Benjamin Constant,AM
Boca do Acre,AM
Borba,AM
Canutama,AM
Carauari,AM
Careiro,AM
Coari,AM
Codajás,AM
Eirunepé,AM
Envira,AM
Fonte Boa,AM
Humaitá,AM
Santa Isabel do Rio Negro,AM
Ipixuna,AM
Itacoatiara,AM
Itapiranga,AM
Japurá,AM
Juruá,AM
Jutaí,AM
Lábrea,AM
Manacapuru,AM
Manaus,AM
Manicoré,AM
Maraã,AM
Maués,AM
Nhamundá,AM
Nova Olinda do Norte,AM
Novo Aripuanã,AM
Parintins,AM
Pauini,AM
Santo Antônio do Içá,AM
São Paulo de Olivença,AM
Silves,AM
Tapauá,AM
Tefé,AM
São Gabriel da Cachoeira,AM
Urucará,AM
Urucurituba,AM
Alvarães,AM
Amaturá,AM
Anamã,AM
Beruri,AM
Boa Vista do Ramos,AM
Caapiranga,AM
Careiro da Várzea,AM
Guajará,AM
Apuí,AM
Iranduba,AM
Itamarati,AM
Manaquiri,AM
Presidente Figueiredo,AM
Rio Preto da Eva,AM
São Sebastião do Uatumã,AM
Tabatinga,AM
Uarini,AM
Tonantins,AM
Vitória do Jari,AP
Amapá,AP
Calçoene,AP
Macapá,AP
Mazagão,AP
Oiapoque,AP
Ferreira Gomes,AP
Laranjal do Jari,AP
Santana,AP
Tartarugalzinho,AP
Pedra Branca do Amapari,AP
Serra do Navio,AP
Cutias,AP
Itaubal,AP
Porto Grande,AP
Pracuúba,AP
Muquém do São Francisco,BA
Nova Fátima,BA
Nova Ibiá,BA
Nova Redenção,BA
Novo Horizonte,BA
Novo Triunfo,BA
Ourolândia,BA
Piraí do Norte,BA
Ponto Novo,BA
Presidente Tancredo Neves,BA
Quixabeira,BA
Ribeirão do Largo,BA
São Domingos,BA
São Félix do Coribe,BA
São José do Jacuípe,BA
São José da Vitória,BA
Saubara,BA
Serra do Ramalho,BA
Sítio do Mato,BA
Sítio do Quinto,BA
Sobradinho,BA
Umburanas,BA
Varzedo,BA
Vereda,BA
Jussari,BA
América Dourada,BA
Arataca,BA
Barro Alto,BA
Buritirama,BA
Capela do Alto Alegre,BA
Capim Grosso,BA
Canudos,BA
Dias d'Ávila,BA
Fátima,BA
Filadélfia,BA
Gavião,BA
Guajeru,BA
Heliópolis,BA
João Dourado,BA
Eunápolis,BA
Adustina,BA
Andorinha,BA
Apuarema,BA
Araçás,BA
Banzaê,BA
Bom Jesus da Serra,BA
Bonito,BA
Cabaceiras do Paraguaçu,BA
Caetanos,BA
Caraíbas,BA
Caturama,BA
Feira da Mata,BA
Igrapiúna,BA
Itabela,BA
Itaguaçu da Bahia,BA
Itatim,BA
Iuiu,BA
Jucuruçu,BA
Lagoa Real,BA
Lajedo do Tabocal,BA
Madre de Deus,BA
Matina,BA
Mirante,BA
Mulungu do Morro,BA
Abaíra,BA
Abaré,BA
Acajutiba,BA
Água Fria,BA
Érico Cardoso,BA
Aiquara,BA
Alagoinhas,BA
Alcobaça,BA
Almadina,BA
Amargosa,BA
Amélia Rodrigues,BA
Anagé,BA
Andaraí,BA
Angical,BA
Anguera,BA
Antas,BA
Antônio Cardoso,BA
Antônio Gonçalves,BA
Aporá,BA
Aracatu,BA
Araci,BA
Aramari,BA
Aratuípe,BA
Aurelino Leal,BA
Baianópolis,BA
Baixa Grande,BA
Barra,BA
Barra da Estiva,BA
Barra do Choça,BA
Barra do Mendes,BA
Barra do Rocha,BA
Barreiras,BA
Barro Preto,BA
Belmonte,BA
Belo Campo,BA
Biritinga,BA
Boa Nova,BA
Boa Vista do Tupim,BA
Bom Jesus da Lapa,BA
Boninal,BA
Boquira,BA
Botuporã,BA
Brejões,BA
Brejolândia,BA
Brotas de Macaúbas,BA
Brumado,BA
Buerarema,BA
Caatiba,BA
Cachoeira,BA
Caculé,BA
Caém,BA
Caetité,BA
Cafarnaum,BA
Cairu,BA
Caldeirão Grande,BA
Camacan,BA
Camaçari,BA
Camamu,BA
Campo Alegre de Lourdes,BA
Campo Formoso,BA
Canápolis,BA
Canarana,BA
Canavieiras,BA
Candeal,BA
Candeias,BA
Candiba,BA
Cândido Sales,BA
Cansanção,BA
Caravelas,BA
Cardeal da Silva,BA
Carinhanha,BA
Casa Nova,BA
Castro Alves,BA
Catolândia,BA
Catu,BA
Central,BA
Chorrochó,BA
Cícero Dantas,BA
Cipó,BA
Coaraci,BA
Cocos,BA
Conceição da Feira,BA
Conceição do Almeida,BA
Conceição do Coité,BA
Conceição do Jacuípe,BA
Conde,BA
Condeúba,BA
Contendas do Sincorá,BA
Coração de Maria,BA
Cordeiros,BA
Coribe,BA
Coronel João Sá,BA
Correntina,BA
Cotegipe,BA
Cravolândia,BA
Crisópolis,BA
Cristópolis,BA
Cruz das Almas,BA
Curaçá,BA
Dário Meira,BA
Dom Basílio,BA
Dom Macedo Costa,BA
Elísio Medrado,BA
Encruzilhada,BA
Entre Rios,BA
Esplanada,BA
Euclides da Cunha,BA
Feira de Santana,BA
Firmino Alves,BA
Floresta Azul,BA
Formosa do Rio Preto,BA
Gandu,BA
Gentio do Ouro,BA
Glória,BA
Gongogi,BA
Governador Mangabeira,BA
Guanambi,BA
Guaratinga,BA
Iaçu,BA
Ibiassucê,BA
Ibicaraí,BA
Ibicoara,BA
Ibicuí,BA
Ibipeba,BA
Santa Rita de Cássia,BA
Ibipitanga,BA
Ibiquera,BA
Ibirapitanga,BA
Ibirapuã,BA
Ibirataia,BA
Ibitiara,BA
Ibititá,BA
Ibotirama,BA
Ichu,BA
Igaporã,BA
Iguaí,BA
Ilhéus,BA
Inhambupe,BA
Ipecaetá,BA
Ipiaú,BA
Ipirá,BA
Ipupiara,BA
Irajuba,BA
Iramaia,BA
Iraquara,BA
Irará,BA
Irecê,BA
Itaberaba,BA
Itabuna,BA
Itacaré,BA
Itaeté,BA
Itagi,BA
Itagibá,BA
Itagimirim,BA
Itaju do Colônia,BA
Itajuípe,BA
Itamaraju,BA
Itamari,BA
Itambé,BA
Itanagra,BA
Itanhém,BA
Itaparica,BA
Itapé,BA
Itapebi,BA
Itapetinga,BA
Itapicuru,BA
Itapitanga,BA
Itaquara,BA
Itarantim,BA
Itiruçu,BA
Itiúba,BA
Itororó,BA
Ituaçu,BA
Ituberá,BA
Jacaraci,BA
Jacobina,BA
Jaguaquara,BA
Jaguarari,BA
Jaguaripe,BA
Jandaíra,BA
Jequié,BA
Jeremoabo,BA
Jiquiriçá,BA
Jitaúna,BA
Juazeiro,BA
Jussara,BA
Jussiape,BA
Lafaiete Coutinho,BA
Laje,BA
Lajedão,BA
Lajedinho,BA
Lamarão,BA
Lauro de Freitas,BA
Lençóis,BA
Licínio de Almeida,BA
Livramento de Nossa Senhora,BA
Macajuba,BA
Macarani,BA
Macaúbas,BA
Macururé,BA
Maiquinique,BA
Mairi,BA
Malhada,BA
Malhada de Pedras,BA
Manoel Vitorino,BA
Maracás,BA
Maragogipe,BA
Maraú,BA
Marcionílio Souza,BA
Mascote,BA
Mata de São João,BA
Medeiros Neto,BA
Miguel Calmon,BA
Milagres,BA
Mirangaba,BA
Monte Santo,BA
Morpará,BA
Morro do Chapéu,BA
Mortugaba,BA
Mucugê,BA
Mucuri,BA
Mundo Novo,BA
Muniz Ferreira,BA
Muritiba,BA
Mutuípe,BA
Nazaré,BA
Nilo Peçanha,BA
Nova Canaã,BA
Nova Itarana,BA
Nova Soure,BA
Nova Viçosa,BA
Olindina,BA
Oliveira dos Brejinhos,BA
Ouriçangas,BA
Palmas de Monte Alto,BA
Palmeiras,BA
Paramirim,BA
Paratinga,BA
Paripiranga,BA
Pau Brasil,BA
Paulo Afonso,BA
Pedrão,BA
Pedro Alexandre,BA
Piatã,BA
Pilão Arcado,BA
Pindaí,BA
Pindobaçu,BA
Piripá,BA
Piritiba,BA
Planaltino,BA
Planalto,BA
Poções,BA
Pojuca,BA
Porto Seguro,BA
Potiraguá,BA
Prado,BA
Presidente Dutra,BA
Presidente Jânio Quadros,BA
Queimadas,BA
Quijingue,BA
Remanso,BA
Retirolândia,BA
Riachão das Neves,BA
Riachão do Jacuípe,BA
Riacho de Santana,BA
Ribeira do Amparo,BA
Ribeira do Pombal,BA
Rio de Contas,BA
Rio do Antônio,BA
Rio do Pires,BA
Rio Real,BA
Rodelas,BA
Ruy Barbosa,BA
Salinas da Margarida,BA
Salvador,BA
Santa Bárbara,BA
Santa Brígida,BA
Santa Cruz Cabrália,BA
Santa Cruz da Vitória,BA
Santa Inês,BA
Santaluz,BA
Santa Maria da Vitória,BA
Santana,BA
Santanópolis,BA
Santa Terezinha,BA
Santo Amaro,BA
Santo Antônio de Jesus,BA
Santo Estêvão,BA
São Desidério,BA
São Félix,BA
São Felipe,BA
São Francisco do Conde,BA
São Gonçalo dos Campos,BA
São Miguel das Matas,BA
São Sebastião do Passé,BA
Sapeaçu,BA
Sátiro Dias,BA
Saúde,BA
Seabra,BA
Sebastião Laranjeiras,BA
Senhor do Bonfim,BA
Sento Sé,BA
Serra Dourada,BA
Serra Preta,BA
Serrinha,BA
Serrolândia,BA
Simões Filho,BA
Souto Soares,BA
Tabocas do Brejo Velho,BA
Tanhaçu,BA
Tanquinho,BA
Taperoá,BA
Tapiramutá,BA
Teodoro Sampaio,BA
Teofilândia,BA
Teolândia,BA
Terra Nova,BA
Tremedal,BA
Tucano,BA
Uauá,BA
Ubaíra,BA
Ubaitaba,BA
Ubatã,BA
Uibaí,BA
Una,BA
Urandi,BA
Uruçuca,BA
Utinga,BA
Valença,BA
Valente,BA
Várzea do Poço,BA
Vera Cruz,BA
Vitória da Conquista,BA
Wagner,BA
Wenceslau Guimarães,BA
Xique-Xique,BA
Lapão,BA
Maetinga,BA
Mansidão,BA
Nordestina,BA
Pé de Serra,BA
Pintadas,BA
Rafael Jambeiro,BA
Santa Luzia,BA
São Gabriel,BA
Tanque Novo,BA
Teixeira de Freitas,BA
Várzea Nova,BA
Várzea da Roça,BA
Wanderley,BA
Barrocas,BA
Luís Eduardo Magalhães,BA
Jaborandi,BA
Catunda,CE
Jijoca de Jericoacoara,CE
Fortim,CE
Ararendá,CE
Itaitinga,CE
Choró,CE
Acarape,CE
Banabuiú,CE
Barreira,CE
Barroquinha,CE
Chorozinho,CE
Croatá,CE
Deputado Irapuan Pinheiro,CE
Ereré,CE
Eusébio,CE
Graça,CE
Guaiúba,CE
Horizonte,CE
Ibaretama,CE
Ibicuitinga,CE
Ipaporanga,CE
Madalena,CE
Miraíma,CE
Ocara,CE
Pindoretama,CE
Pires Ferreira,CE
Potiretama,CE
Salitre,CE
Tarrafas,CE
Tejuçuoca,CE
Tururu,CE
Abaiara,CE
Acaraú,CE
Acopiara,CE
Aiuaba,CE
Alcântaras,CE
Altaneira,CE
Alto Santo,CE
Antonina do Norte,CE
Apuiarés,CE
Aquiraz,CE
Aracati,CE
Aracoiaba,CE
Araripe,CE
Aratuba,CE
Arneiroz,CE
Assaré,CE
Aurora,CE
Baixio,CE
Barbalha,CE
Barro,CE
Baturité,CE
Beberibe,CE
Bela Cruz,CE
Boa Viagem,CE
Brejo Santo,CE
Camocim,CE
Campos Sales,CE
Canindé,CE
Capistrano,CE
Caridade,CE
Cariré,CE
Caririaçu,CE
Cariús,CE
Carnaubal,CE
Cascavel,CE
Catarina,CE
Caucaia,CE
Cedro,CE
Chaval,CE
Coreaú,CE
Crateús,CE
Crato,CE
Farias Brito,CE
Fortaleza,CE
Frecheirinha,CE
General Sampaio,CE
Granja,CE
Granjeiro,CE
Groaíras,CE
Guaraciaba do Norte,CE
Guaramiranga,CE
Hidrolândia,CE
Ibiapina,CE
Icó,CE
Iguatu,CE
Independência,CE
Ipaumirim,CE
Ipu,CE
Ipueiras,CE
Iracema,CE
Irauçuba,CE
Itaiçaba,CE
Itapajé,CE
Itapipoca,CE
Itapiúna,CE
Itatira,CE
Jaguaretama,CE
Jaguaribara,CE
Jaguaribe,CE
Jaguaruana,CE
Jardim,CE
Jati,CE
Juazeiro do Norte,CE
Jucás,CE
Lavras da Mangabeira,CE
Limoeiro do Norte,CE
Maranguape,CE
Marco,CE
Martinópole,CE
Massapê,CE
Mauriti,CE
Meruoca,CE
Milagres,CE
Missão Velha,CE
Mombaça,CE
Monsenhor Tabosa,CE
Morada Nova,CE
Moraújo,CE
Morrinhos,CE
Mucambo,CE
Mulungu,CE
Nova Olinda,CE
Nova Russas,CE
Novo Oriente,CE
Orós,CE
Pacajus,CE
Pacatuba,CE
Pacoti,CE
Pacujá,CE
Palhano,CE
Palmácia,CE
Paracuru,CE
Parambu,CE
Paramoti,CE
Pedra Branca,CE
Penaforte,CE
Pentecoste,CE
Pereiro,CE
Piquet Carneiro,CE
Poranga,CE
Porteiras,CE
Potengi,CE
Quixadá,CE
Quixeramobim,CE
Quixeré,CE
Redenção,CE
Reriutaba,CE
Russas,CE
Saboeiro,CE
Santana do Acaraú,CE
Santana do Cariri,CE
Santa Quitéria,CE
São Benedito,CE
São Gonçalo do Amarante,CE
São João do Jaguaribe,CE
São Luís do Curu,CE
Senador Pompeu,CE
Senador Sá,CE
Sobral,CE
Solonópole,CE
Tabuleiro do Norte,CE
Tamboril,CE
Tauá,CE
Tianguá,CE
Trairi,CE
Ubajara,CE
Umari,CE
Uruburetama,CE
Uruoca,CE
Várzea Alegre,CE
Viçosa do Ceará,CE
Maracanaú,CE
Amontada,CE
Cruz,CE
Forquilha,CE
Icapuí,CE
Itarema,CE
Milhã,CE
Paraipaba,CE
Quixelô,CE
Umirim,CE
Varjota,CE
Quiterianópolis,CE
Brasília,DF
Brejetuba,ES
Marataízes,ES
Ponto Belo,ES
São Roque do Canaã,ES
Sooretama,ES
Vila Valério,ES
Marechal Floriano,ES
Irupi,ES
São Domingos do Norte,ES
Vila Pavão,ES
Afonso Cláudio,ES
Alegre,ES
Alfredo Chaves,ES
Anchieta,ES
Apiacá,ES
Aracruz,ES
Atílio Vivácqua,ES
Baixo Guandu,ES
Barra de São Francisco,ES
Boa Esperança,ES
Bom Jesus do Norte,ES
Cachoeiro de Itapemirim,ES
Cariacica,ES
Castelo,ES
Colatina,ES
Conceição da Barra,ES
Conceição do Castelo,ES
Divino de São Lourenço,ES
Domingos Martins,ES
Dores do Rio Preto,ES
Ecoporanga,ES
Fundão,ES
Guaçuí,ES
Guarapari,ES
Ibiraçu,ES
Iconha,ES
Itaguaçu,ES
Itapemirim,ES
Itarana,ES
Iúna,ES
Jerônimo Monteiro,ES
Linhares,ES
Mantenópolis,ES
Mimoso do Sul,ES
Montanha,ES
Mucurici,ES
Muniz Freire,ES
Muqui,ES
Nova Venécia,ES
Pancas,ES
Pinheiros,ES
Piúma,ES
Presidente Kennedy,ES
Rio Novo do Sul,ES
Santa Leopoldina,ES
Santa Teresa,ES
São Gabriel da Palha,ES
São José do Calçado,ES
São Mateus,ES
Serra,ES
Viana,ES
Vila Velha,ES
Vitória,ES
Marilândia,ES
Ibatiba,ES
Rio Bananal,ES
Jaguaré,ES
Pedro Canário,ES
Água Doce do Norte,ES
Alto Rio Novo,ES
João Neiva,ES
Laranja da Terra,ES
Santa Maria de Jetibá,ES
Vargem Alta,ES
Venda Nova do Imigrante,ES
Águia Branca,ES
Ibitirama,ES
Governador Lindenberg,ES
Caldazinha,GO
Jesúpolis,GO
Professor Jamil,GO
Santo Antônio de Goiás,GO
Cocalzinho de Goiás,GO
Terezópolis de Goiás,GO
Uirapuru,GO
Buritinópolis,GO
Buriti de Goiás,GO
Guaraíta,GO
Vila Boa,GO
Inaciolândia,GO
Aparecida do Rio Doce,GO
Chapadão do Céu,GO
Perolândia,GO
Cidade Ocidental,GO
Montividiu do Norte,GO
Castelândia,GO
Santo Antônio da Barra,GO
Alto Horizonte,GO
Nova Iguaçu de Goiás,GO
Abadia de Goiás,GO
Águas Lindas de Goiás,GO
Amaralina,GO
Bonópolis,GO
Novo Gama,GO
Porteirão,GO
Santa Rita do Novo Destino,GO
São Patrício,GO
Valparaíso de Goiás,GO
Vila Propício,GO
Flores de Goiás,GO
Formosa,GO
Formoso,GO
Goianápolis,GO
Goiandira,GO
Goianésia,GO
Goiânia,GO
Goianira,GO
Goiás,GO
Goiatuba,GO
Guapó,GO
Guarani de Goiás,GO
Heitoraí,GO
Hidrolândia,GO
Hidrolina,GO
Iaciara,GO
Inhumas,GO
Ipameri,GO
Iporá,GO
Israelândia,GO
Itaberaí,GO
Itaguaru,GO
Itajá,GO
Itapaci,GO
Itapirapuã,GO
Itapuranga,GO
Itarumã,GO
Itauçu,GO
Itumbiara,GO
Ivolândia,GO
Jandaia,GO
Jaraguá,GO
Jataí,GO
Jaupaci,GO
Joviânia,GO
Jussara,GO
Leopoldo de Bulhões,GO
Luziânia,GO
Mairipotaba,GO
Mambaí,GO
Mara Rosa,GO
Marzagão,GO
Paranaiguara,GO
Maurilândia,GO
Mineiros,GO
Moiporá,GO
Monte Alegre de Goiás,GO
Montes Claros de Goiás,GO
Morrinhos,GO
Mossâmedes,GO
Mozarlândia,GO
Mutunópolis,GO
Nazário,GO
Nerópolis,GO
Niquelândia,GO
Nova América,GO
Nova Aurora,GO
Nova Roma,GO
Nova Veneza,GO
Novo Brasil,GO
Orizona,GO
Ouro Verde de Goiás,GO
Ouvidor,GO
Padre Bernardo,GO
Palmeiras de Goiás,GO
Palmelo,GO
Palminópolis,GO
Panamá,GO
Paraúna,GO
Petrolina de Goiás,GO
Pilar de Goiás,GO
Piracanjuba,GO
Piranhas,GO
Pirenópolis,GO
Pires do Rio,GO
Pontalina,GO
Porangatu,GO
Portelândia,GO
Posse,GO
Quirinópolis,GO
Rialma,GO
Rianápolis,GO
Campo Limpo de Goiás,GO
Gameleira de Goiás,GO
Ipiranga de Goiás,GO
Lagoa Santa,GO
Abadiânia,GO
Água Limpa,GO
Alexânia,GO
Aloândia,GO
Alto Paraíso de Goiás,GO
Alvorada do Norte,GO
Amorinópolis,GO
Anápolis,GO
Anhanguera,GO
Anicuns,GO
Aparecida de Goiânia,GO
Aporé,GO
Araçu,GO
Aragarças,GO
Aragoiânia,GO
Aruanã,GO
Aurilândia,GO
Avelinópolis,GO
Baliza,GO
Barro Alto,GO
Bela Vista de Goiás,GO
Bom Jardim de Goiás,GO
Bom Jesus de Goiás,GO
Brazabrantes,GO
Britânia,GO
Buriti Alegre,GO
Cabeceiras,GO
Cachoeira Alta,GO
Cachoeira de Goiás,GO
Caçu,GO
Caiapônia,GO
Caldas Novas,GO
Campestre de Goiás,GO
Campinorte,GO
Campo Alegre de Goiás,GO
Campos Belos,GO
Carmo do Rio Verde,GO
Catalão,GO
Caturaí,GO
Cavalcante,GO
Ceres,GO
Divinópolis de Goiás,GO
Córrego do Ouro,GO
Corumbá de Goiás,GO
Corumbaíba,GO
Cristalina,GO
Cristianópolis,GO
Crixás,GO
Cromínia,GO
Cumari,GO
Damianópolis,GO
Damolândia,GO
Davinópolis,GO
Diorama,GO
Edéia,GO
Estrela do Norte,GO
Fazenda Nova,GO
Firminópolis,GO
Rio Verde,GO
Rubiataba,GO
Sanclerlândia,GO
Santa Bárbara de Goiás,GO
Santa Cruz de Goiás,GO
Santa Helena de Goiás,GO
Santa Rita do Araguaia,GO
Santa Rosa de Goiás,GO
Santa Tereza de Goiás,GO
Santa Terezinha de Goiás,GO
São Domingos,GO
São Francisco de Goiás,GO
Planaltina,GO
São João d'Aliança,GO
São Luís de Montes Belos,GO
São Miguel do Araguaia,GO
São Simão,GO
Serranópolis,GO
Silvânia,GO
Sítio d'Abadia,GO
Taquaral de Goiás,GO
Três Ranchos,GO
Trindade,GO
Turvânia,GO
Uruaçu,GO
Uruana,GO
Urutaí,GO
Varjão,GO
Vianópolis,GO
Acreúna,GO
Minaçu,GO
Mundo Novo,GO
Nova Crixás,GO
Nova Glória,GO
Vicentinópolis,GO
Americano do Brasil,GO
Araguapaz,GO
Arenópolis,GO
Cachoeira Dourada,GO
Doverlândia,GO
Santo Antônio do Descoberto,GO
Indiara,GO
Campinaçu,GO
Santa Isabel,GO
Novo Planalto,GO
Palestina de Goiás,GO
Santa Fé de Goiás,GO
São João da Paraúna,GO
São Luiz do Norte,GO
São Miguel do Passa Quatro,GO
Senador Canedo,GO
Simolândia,GO
Teresina de Goiás,GO
Trombas,GO
Turvelândia,GO
Adelândia,GO
Água Fria de Goiás,GO
Bonfinópolis,GO
Campos Verdes,GO
Cezarina,GO
Colinas do Sul,GO
Edealina,GO
Faina,GO
Gouvelândia,GO
Itaguari,GO
Matrinchã,GO
Mimoso de Goiás,GO
Montividiu,GO
Morro Agudo de Goiás,GO
Guarinos,GO
Rio Quente,GO
Água Doce do Maranhão,MA
Alto Alegre do Maranhão,MA
Alto Alegre do Pindaré,MA
Amapá do Maranhão,MA
Apicum-Açu,MA
Araguanã,MA
Bacabeira,MA
Bacurituba,MA
Belágua,MA
Bela Vista do Maranhão,MA
Bernardo do Mearim,MA
Boa Vista do Gurupi,MA
Bom Jesus das Selvas,MA
Bom Lugar,MA
Brejo de Areia,MA
Buriticupu,MA
Buritirana,MA
Cachoeira Grande,MA
Campestre do Maranhão,MA
Capinzal do Norte,MA
Central do Maranhão,MA
Centro do Guilherme,MA
Centro Novo do Maranhão,MA
Cidelândia,MA
Conceição do Lago-Açu,MA
Davinópolis,MA
Feira Nova do Maranhão,MA
Fernando Falcão,MA
Formosa da Serra Negra,MA
Governador Edison Lobão,MA
Governador Luiz Rocha,MA
Governador Newton Bello,MA
Governador Nunes Freire,MA
Igarapé do Meio,MA
Itaipava do Grajaú,MA
Itinga do Maranhão,MA
Jatobá,MA
Jenipapo dos Vieiras,MA
Junco do Maranhão,MA
Lagoa do Mato,MA
Lago dos Rodrigues,MA
Lagoa Grande do Maranhão,MA
Lajeado Novo,MA
Maracaçumé,MA
Marajá do Sena,MA
Maranhãozinho,MA
Matões do Norte,MA
Milagres do Maranhão,MA
Nova Colinas,MA
Nova Olinda do Maranhão,MA
Olinda Nova do Maranhão,MA
Paulino Neves,MA
Pedro do Rosário,MA
Peritoró,MA
Porto Rico do Maranhão,MA
Presidente Médici,MA
Presidente Sarney,MA
Raposa,MA
Ribamar Fiquene,MA
Santa Filomena do Maranhão,MA
Santana do Maranhão,MA
Santo Amaro do Maranhão,MA
São Domingos do Azeitão,MA
São Francisco do Brejão,MA
São João do Carú,MA
São João do Paraíso,MA
São João do Soter,MA
São José dos Basílios,MA
São Pedro da Água Branca,MA
São Pedro dos Crentes,MA
São Raimundo do Doca Bezerra,MA
São Roberto,MA
Satubinha,MA
Senador Alexandre Costa,MA
Senador La Rocque,MA
Serrano do Maranhão,MA
Sucupira do Riachão,MA
Trizidela do Vale,MA
Tufilândia,MA
Turilândia,MA
Vila Nova dos Martírios,MA
Afonso Cunha,MA
Alcântara,MA
Aldeias Altas,MA
Altamira do Maranhão,MA
Alto Parnaíba,MA
Amarante do Maranhão,MA
Anajatuba,MA
Anapurus,MA
Araioses,MA
Arari,MA
Axixá,MA
Bacabal,MA
Bacuri,MA
Balsas,MA
Barão de Grajaú,MA
Barra do Corda,MA
Barreirinhas,MA
Benedito Leite,MA
Bequimão,MA
Brejo,MA
Buriti,MA
Buriti Bravo,MA
Cajapió,MA
Cajari,MA
Cândido Mendes,MA
Cantanhede,MA
Carolina,MA
Carutapera,MA
Caxias,MA
Cedral,MA
Chapadinha,MA
Codó,MA
Coelho Neto,MA
Colinas,MA
Coroatá,MA
Cururupu,MA
Dom Pedro,MA
Duque Bacelar,MA
Esperantinópolis,MA
Fortaleza dos Nogueiras,MA
Fortuna,MA
Godofredo Viana,MA
Gonçalves Dias,MA
Governador Archer,MA
Governador Eugênio Barros,MA
Graça Aranha,MA
Grajaú,MA
Guimarães,MA
Humberto de Campos,MA
Icatu,MA
Igarapé Grande,MA
Imperatriz,MA
São Luís Gonzaga do Maranhão,MA
Itapecuru Mirim,MA
João Lisboa,MA
Joselândia,MA
Lago da Pedra,MA
Lago do Junco,MA
Lago Verde,MA
Lima Campos,MA
Loreto,MA
Luís Domingues,MA
Magalhães de Almeida,MA
Mata Roma,MA
Matinha,MA
Matões,MA
Mirador,MA
Mirinzal,MA
Monção,MA
Montes Altos,MA
Morros,MA
Nina Rodrigues,MA
Nova Iorque,MA
Olho d'Água das Cunhãs,MA
Paço do Lumiar,MA
Palmeirândia,MA
Paraibano,MA
Parnarama,MA
Passagem Franca,MA
Pastos Bons,MA
Pedreiras,MA
Penalva,MA
Peri Mirim,MA
Pindaré-Mirim,MA
Pinheiro,MA
Pio XII,MA
Pirapemas,MA
Poção de Pedras,MA
Porto Franco,MA
Presidente Dutra,MA
Presidente Juscelino,MA
Presidente Vargas,MA
Primeira Cruz,MA
Riachão,MA
São José de Ribamar,MA
Rosário,MA
Sambaíba,MA
Santa Helena,MA
Santa Luzia,MA
Santa Quitéria do Maranhão,MA
Santa Rita,MA
Santo Antônio dos Lopes,MA
São Benedito do Rio Preto,MA
São Bento,MA
São Bernardo,MA
São Domingos do Maranhão,MA
São Félix de Balsas,MA
São Francisco do Maranhão,MA
São João Batista,MA
São João dos Patos,MA
São Luís,MA
São Mateus do Maranhão,MA
São Raimundo das Mangabeiras,MA
São Vicente Ferrer,MA
Sítio Novo,MA
Sucupira do Norte,MA
Tasso Fragoso,MA
Timbiras,MA
Timon,MA
Tuntum,MA
Turiaçu,MA
Tutóia,MA
Urbano Santos,MA
Vargem Grande,MA
Viana,MA
Vitória do Mearim,MA
Vitorino Freire,MA
Bom Jardim,MA
Santa Inês,MA
Paulo Ramos,MA
Açailândia,MA
Estreito,MA
Arame,MA
Miranda do Norte,MA
Santa Luzia do Paruá,MA
Zé Doca,MA
Alto Caparaó,MG
Angelândia,MG
Aricanduva,MG
Berizal,MG
Bonito de Minas,MG
Brasilândia de Minas,MG
Bugre,MG
Cabeceira Grande,MG
Campo Azul,MG
Cantagalo,MG
Catas Altas,MG
Catuti,MG
Chapada Gaúcha,MG
Cônego Marinho,MG
Confins,MG
Córrego Fundo,MG
Crisólita,MG
Cuparaque,MG
Curral de Dentro,MG
Delta,MG
Divisa Alegre,MG
Dom Bosco,MG
Franciscópolis,MG
Frei Lagonegro,MG
Fruta de Leite,MG
Gameleiras,MG
Glaucilândia,MG
Goiabeira,MG
Goianá,MG
Guaraciama,MG
Ibiracatu,MG
Imbé de Minas,MG
Indaiabira,MG
Japonvar,MG
Jenipapo de Minas,MG
José Gonçalves de Minas,MG
José Raydan,MG
Josenópolis,MG
Juvenília,MG
Leme do Prado,MG
Luisburgo,MG
Luislândia,MG
Mário Campos,MG
Martins Soares,MG
Miravânia,MG
Monte Formoso,MG
Naque,MG
Natalândia,MG
Ninheira,MG
Nova Belém,MG
Nova Porteirinha,MG
Novo Oriente de Minas,MG
Novorizonte,MG
Olhos-d'Água,MG
Oratórios,MG
Orizânia,MG
Padre Carvalho,MG
Pai Pedro,MG
Patis,MG
Pedra Bonita,MG
Periquito,MG
Piedade de Caratinga,MG
Pingo-d'Água,MG
Pintópolis,MG
Ponto Chique,MG
Ponto dos Volantes,MG
Reduto,MG
Rosário da Limeira,MG
Santa Bárbara do Monte Verde,MG
Santa Cruz de Minas,MG
Santa Cruz de Salinas,MG
Santa Helena de Minas,MG
Santo Antônio do Retiro,MG
São Domingos das Dores,MG
São Félix de Minas,MG
São Geraldo do Baixio,MG
São João da Lagoa,MG
São João das Missões,MG
São João do Pacuí,MG
São Joaquim de Bicas,MG
São José da Barra,MG
São Sebastião da Vargem Alegre,MG
São Sebastião do Anta,MG
Sarzedo,MG
Setubinha,MG
Sem-Peixe,MG
Serranópolis de Minas,MG
Taparuba,MG
Tocos do Moji,MG
União de Minas,MG
Uruana de Minas,MG
Vargem Alegre,MG
Vargem Grande do Rio Pardo,MG
Varjão de Minas,MG
Verdelândia,MG
Veredinha,MG
Vermelho Novo,MG
São José da Lapa,MG
Capitão Andrade,MG
Catuji,MG
Jampruca,MG
Divisópolis,MG
Mata Verde,MG
Palmópolis,MG
Entre Folhas,MG
Ipaba,MG
Santa Bárbara do Leste,MG
Santa Rita de Minas,MG
Ubaporanga,MG
Santana do Paraíso,MG
Durandé,MG
São João do Manhuaçu,MG
São João do Manteninha,MG
Alfredo Vasconcelos,MG
Fervedouro,MG
Carneirinho,MG
Limeira do Oeste,MG
Senador Amaral,MG
Juatuba,MG
Icaraí de Minas,MG
Lontra,MG
Montezuma,MG
Urucuia,MG
Jaíba,MG
Mamonas,MG
Matias Cardoso,MG
Pedras de Maria da Cruz,MG
Riachinho,MG
Araporã,MG
Lagoa Grande,MG
Abadia dos Dourados,MG
Abaeté,MG
Abre Campo,MG
Acaiaca,MG
Açucena,MG
Água Boa,MG
Água Comprida,MG
Aguanil,MG
Águas Formosas,MG
Águas Vermelhas,MG
Aimorés,MG
Aiuruoca,MG
Alagoa,MG
Albertina,MG
Além Paraíba,MG
Alfenas,MG
Almenara,MG
Alpercata,MG
Alpinópolis,MG
Alterosa,MG
Alto Rio Doce,MG
Alvarenga,MG
Alvinópolis,MG
Alvorada de Minas,MG
Amparo do Serra,MG
Andradas,MG
Cachoeira de Pajeú,MG
Andrelândia,MG
Antônio Carlos,MG
Antônio Dias,MG
Antônio Prado de Minas,MG
Araçaí,MG
Aracitaba,MG
Araçuaí,MG
Araguari,MG
Arantina,MG
Araponga,MG
Arapuá,MG
Araújos,MG
Araxá,MG
Arceburgo,MG
Arcos,MG
Areado,MG
Argirita,MG
Arinos,MG
Astolfo Dutra,MG
Ataléia,MG
Augusto de Lima,MG
Baependi,MG
Baldim,MG
Bambuí,MG
Bandeira,MG
Bandeira do Sul,MG
Barão de Cocais,MG
Barão de Monte Alto,MG
Barbacena,MG
Barra Longa,MG
Três Marias,MG
Barroso,MG
Bela Vista de Minas,MG
Belmiro Braga,MG
Belo Horizonte,MG
Belo Oriente,MG
Belo Vale,MG
Berilo,MG
Bertópolis,MG
Betim,MG
Bias Fortes,MG
Bicas,MG
Biquinhas,MG
Boa Esperança,MG
Bocaina de Minas,MG
Bocaiúva,MG
Bom Despacho,MG
Bom Jardim de Minas,MG
Bom Jesus da Penha,MG
Bom Jesus do Amparo,MG
Bom Jesus do Galho,MG
Bom Repouso,MG
Bom Sucesso,MG
Bonfim,MG
Bonfinópolis de Minas,MG
Borda da Mata,MG
Botelhos,MG
Botumirim,MG
Brasília de Minas,MG
Brás Pires,MG
Braúnas,MG
Brazópolis,MG
Brumadinho,MG
Bueno Brandão,MG
Buenópolis,MG
Buritis,MG
Buritizeiro,MG
Cabo Verde,MG
Cachoeira da Prata,MG
Cachoeira de Minas,MG
Cachoeira Dourada,MG
Caetanópolis,MG
Caeté,MG
Caiana,MG
Cajuri,MG
Caldas,MG
Camacho,MG
Camanducaia,MG
Cambuí,MG
Cambuquira,MG
Campanário,MG
Campanha,MG
Campestre,MG
Campina Verde,MG
Campo Belo,MG
Campo do Meio,MG
Campo Florido,MG
Campos Altos,MG
Campos Gerais,MG
Canaã,MG
Canápolis,MG
Cana Verde,MG
Candeias,MG
Caparaó,MG
Capela Nova,MG
Capelinha,MG
Capetinga,MG
Capim Branco,MG
Capinópolis,MG
Capitão Enéas,MG
Capitólio,MG
Caputira,MG
Caraí,MG
Caranaíba,MG
Carandaí,MG
Carangola,MG
Caratinga,MG
Carbonita,MG
Careaçu,MG
Carlos Chagas,MG
Carmésia,MG
Carmo da Cachoeira,MG
Carmo da Mata,MG
Carmo de Minas,MG
Carmo do Cajuru,MG
Carmo do Paranaíba,MG
Carmo do Rio Claro,MG
Carmópolis de Minas,MG
Carrancas,MG
Carvalhópolis,MG
Carvalhos,MG
Casa Grande,MG
Cascalho Rico,MG
Cássia,MG
Conceição da Barra de Minas,MG
Cataguases,MG
Catas Altas da Noruega,MG
Caxambu,MG
Cedro do Abaeté,MG
Central de Minas,MG
Centralina,MG
Chácara,MG
Chalé,MG
Chapada do Norte,MG
Chiador,MG
Cipotânea,MG
Claraval,MG
Claro dos Poções,MG
Cláudio,MG
Coimbra,MG
Coluna,MG
Comendador Gomes,MG
Comercinho,MG
Conceição da Aparecida,MG
Conceição das Pedras,MG
Conceição das Alagoas,MG
Conceição de Ipanema,MG
Conceição do Mato Dentro,MG
Conceição do Pará,MG
Conceição do Rio Verde,MG
Conceição dos Ouros,MG
Congonhal,MG
Congonhas,MG
Congonhas do Norte,MG
Conquista,MG
Conselheiro Lafaiete,MG
Conselheiro Pena,MG
Consolação,MG
Contagem,MG
Coqueiral,MG
Coração de Jesus,MG
Cordisburgo,MG
Cordislândia,MG
Corinto,MG
Coroaci,MG
Coromandel,MG
Coronel Fabriciano,MG
Coronel Murta,MG
Coronel Pacheco,MG
Coronel Xavier Chaves,MG
Córrego Danta,MG
Córrego do Bom Jesus,MG
Córrego Novo,MG
Couto de Magalhães de Minas,MG
Cristais,MG
Cristália,MG
Cristiano Otoni,MG
Cristina,MG
Crucilândia,MG
Cruzeiro da Fortaleza,MG
Cruzília,MG
Curvelo,MG
Datas,MG
Delfim Moreira,MG
Delfinópolis,MG
Descoberto,MG
Desterro de Entre Rios,MG
Desterro do Melo,MG
Diamantina,MG
Diogo de Vasconcelos,MG
Dionísio,MG
Divinésia,MG
Divino,MG
Divino das Laranjeiras,MG
Divinolândia de Minas,MG
Divinópolis,MG
Divisa Nova,MG
Dom Cavati,MG
Dom Joaquim,MG
Dom Silvério,MG
Dom Viçoso,MG
Dona Euzébia,MG
Dores de Campos,MG
Dores de Guanhães,MG
Dores do Indaiá,MG
Dores do Turvo,MG
Doresópolis,MG
Douradoquara,MG
Elói Mendes,MG
Engenheiro Caldas,MG
Engenheiro Navarro,MG
Entre Rios de Minas,MG
Ervália,MG
Esmeraldas,MG
Espera Feliz,MG
Espinosa,MG
Espírito Santo do Dourado,MG
Estiva,MG
Estrela Dalva,MG
Estrela do Indaiá,MG
Estrela do Sul,MG
Eugenópolis,MG
Ewbank da Câmara,MG
Extrema,MG
Fama,MG
Faria Lemos,MG
Felício dos Santos,MG
São Gonçalo do Rio Preto,MG
Felisburgo,MG
Felixlândia,MG
Fernandes Tourinho,MG
Ferros,MG
Florestal,MG
Formiga,MG
Formoso,MG
Fortaleza de Minas,MG
Fortuna de Minas,MG
Francisco Badaró,MG
Francisco Dumont,MG
Francisco Sá,MG
Frei Gaspar,MG
Frei Inocêncio,MG
Fronteira,MG
Frutal,MG
Funilândia,MG
Galiléia,MG
Gonçalves,MG
Gonzaga,MG
Gouveia,MG
Governador Valadares,MG
Grão Mogol,MG
Grupiara,MG
Guanhães,MG
Guapé,MG
Guaraciaba,MG
Guaranésia,MG
Guarani,MG
Guarará,MG
Guarda-Mor,MG
Guaxupé,MG
Guidoval,MG
Guimarânia,MG
Guiricema,MG
Gurinhatã,MG
Heliodora,MG
Iapu,MG
Ibertioga,MG
Ibiá,MG
Ibiaí,MG
Ibiraci,MG
Ibirité,MG
Ibitiúra de Minas,MG
Ibituruna,MG
Igarapé,MG
Igaratinga,MG
Iguatama,MG
Ijaci,MG
Ilicínea,MG
Inconfidentes,MG
Indianópolis,MG
Ingaí,MG
Inhapim,MG
Inhaúma,MG
Inimutaba,MG
Ipanema,MG
Ipatinga,MG
Ipiaçu,MG
Ipuiúna,MG
Iraí de Minas,MG
Itabira,MG
Itabirinha,MG
Itabirito,MG
Itacambira,MG
Itacarambi,MG
Itaguara,MG
Itaipé,MG
Itajubá,MG
Itamarandiba,MG
Itamarati de Minas,MG
Itambacuri,MG
Itambé do Mato Dentro,MG
Itamogi,MG
Itamonte,MG
Itanhandu,MG
Itanhomi,MG
Itaobim,MG
Itapagipe,MG
Itapecerica,MG
Itapeva,MG
Itatiaiuçu,MG
Itaúna,MG
Itaverava,MG
Itinga,MG
Itueta,MG
Ituiutaba,MG
Itumirim,MG
Iturama,MG
Itutinga,MG
Jaboticatubas,MG
Jacinto,MG
Jacuí,MG
Jacutinga,MG
Jaguaraçu,MG
Janaúba,MG
Januária,MG
Japaraíba,MG
Jeceaba,MG
Jequeri,MG
Jequitaí,MG
Jequitibá,MG
Jequitinhonha,MG
Jesuânia,MG
Joaíma,MG
Joanésia,MG
João Monlevade,MG
João Pinheiro,MG
Joaquim Felício,MG
Jordânia,MG
Nova União,MG
Juiz de Fora,MG
Juramento,MG
Juruaia,MG
Ladainha,MG
Lagamar,MG
Lagoa da Prata,MG
Lagoa dos Patos,MG
Lagoa Dourada,MG
Lagoa Formosa,MG
Lagoa Santa,MG
Lajinha,MG
Lambari,MG
Lamim,MG
Laranjal,MG
Lassance,MG
Lavras,MG
Leandro Ferreira,MG
Leopoldina,MG
Liberdade,MG
Lima Duarte,MG
Luminárias,MG
Luz,MG
Machacalis,MG
Machado,MG
Madre de Deus de Minas,MG
Malacacheta,MG
Manga,MG
Manhuaçu,MG
Manhumirim,MG
Mantena,MG
Maravilhas,MG
Mar de Espanha,MG
Maria da Fé,MG
Mariana,MG
Marilac,MG
Maripá de Minas,MG
Marliéria,MG
Marmelópolis,MG
Martinho Campos,MG
Materlândia,MG
Mateus Leme,MG
Matias Barbosa,MG
Matipó,MG
Mato Verde,MG
Matozinhos,MG
Matutina,MG
Medeiros,MG
Medina,MG
Mendes Pimentel,MG
Mercês,MG
Mesquita,MG
Minas Novas,MG
Minduri,MG
Mirabela,MG
Miradouro,MG
Miraí,MG
Moeda,MG
Moema,MG
Monjolos,MG
Monsenhor Paulo,MG
Montalvânia,MG
Monte Alegre de Minas,MG
Monte Azul,MG
Monte Belo,MG
Monte Carmelo,MG
Monte Santo de Minas,MG
Montes Claros,MG
Monte Sião,MG
Morada Nova de Minas,MG
Morro da Garça,MG
Morro do Pilar,MG
Munhoz,MG
Muriaé,MG
Mutum,MG
Muzambinho,MG
Nacip Raydan,MG
Nanuque,MG
Natércia,MG
Nazareno,MG
Nepomuceno,MG
Nova Era,MG
Nova Lima,MG
Nova Módica,MG
Nova Ponte,MG
Nova Resende,MG
Nova Serrana,MG
Novo Cruzeiro,MG
Olaria,MG
Olímpio Noronha,MG
Oliveira,MG
Oliveira Fortes,MG
Onça de Pitangui,MG
Ouro Branco,MG
Ouro Fino,MG
Ouro Preto,MG
Ouro Verde de Minas,MG
Padre Paraíso,MG
Paineiras,MG
Pains,MG
Paiva,MG
Palma,MG
Fronteira dos Vales,MG
Papagaios,MG
Paracatu,MG
Pará de Minas,MG
Paraguaçu,MG
Paraisópolis,MG
Paraopeba,MG
Passabém,MG
Passa Quatro,MG
Passa Tempo,MG
Passa Vinte,MG
Passos,MG
Patos de Minas,MG
Patrocínio,MG
Patrocínio do Muriaé,MG
Paula Cândido,MG
Paulistas,MG
Pavão,MG
Peçanha,MG
Pedra Azul,MG
Pedra do Anta,MG
Pedra do Indaiá,MG
Pedra Dourada,MG
Pedralva,MG
Pedrinópolis,MG
Pedro Leopoldo,MG
Pedro Teixeira,MG
Pequeri,MG
Pequi,MG
Perdigão,MG
Perdizes,MG
Perdões,MG
Pescador,MG
Piau,MG
Piedade de Ponte Nova,MG
Piedade do Rio Grande,MG
Piedade dos Gerais,MG
Pimenta,MG
Piracema,MG
Pirajuba,MG
Piranga,MG
Piranguçu,MG
Piranguinho,MG
Pirapetinga,MG
Pirapora,MG
Piraúba,MG
Pitangui,MG
Piumhi,MG
Planura,MG
Poço Fundo,MG
Poços de Caldas,MG
Pocrane,MG
Pompéu,MG
Ponte Nova,MG
Porteirinha,MG
Porto Firme,MG
Poté,MG
Pouso Alegre,MG
Pouso Alto,MG
Prados,MG
Prata,MG
Pratápolis,MG
Pratinha,MG
Presidente Bernardes,MG
Presidente Juscelino,MG
Presidente Kubitschek,MG
Presidente Olegário,MG
Alto Jequitibá,MG
Prudente de Morais,MG
Quartel Geral,MG
Queluzito,MG
Raposos,MG
Raul Soares,MG
Recreio,MG
Resende Costa,MG
Resplendor,MG
Ressaquinha,MG
Riacho dos Machados,MG
Ribeirão das Neves,MG
Ribeirão Vermelho,MG
Rio Acima,MG
Rio Casca,MG
Rio Doce,MG
Rio do Prado,MG
Rio Espera,MG
Rio Manso,MG
Rio Novo,MG
Rio Paranaíba,MG
Rio Pardo de Minas,MG
Rio Piracicaba,MG
Rio Pomba,MG
Rio Preto,MG
Rio Vermelho,MG
Ritápolis,MG
Rochedo de Minas,MG
Rodeiro,MG
Romaria,MG
Rubelita,MG
Rubim,MG
Sabará,MG
Sabinópolis,MG
Sacramento,MG
Salinas,MG
Salto da Divisa,MG
Santa Bárbara,MG
Santa Bárbara do Tugúrio,MG
Santa Cruz do Escalvado,MG
Santa Efigênia de Minas,MG
Santa Fé de Minas,MG
Santa Juliana,MG
Santa Luzia,MG
Santa Margarida,MG
Santa Maria de Itabira,MG
Santa Maria do Salto,MG
Santa Maria do Suaçuí,MG
Santana da Vargem,MG
Santana de Cataguases,MG
Santana de Pirapama,MG
Santana do Deserto,MG
Santana do Garambéu,MG
Santana do Jacaré,MG
Santana do Manhuaçu,MG
Santana do Riacho,MG
Santana dos Montes,MG
Santa Rita de Caldas,MG
Santa Rita de Jacutinga,MG
Santa Rita de Ibitipoca,MG
Santa Rita do Itueto,MG
Santa Rita do Sapucaí,MG
Santa Rosa da Serra,MG
Santa Vitória,MG
Santo Antônio do Amparo,MG
Santo Antônio do Aventureiro,MG
Santo Antônio do Grama,MG
Santo Antônio do Itambé,MG
Santo Antônio do Jacinto,MG
Santo Antônio do Monte,MG
Santo Antônio do Rio Abaixo,MG
Santo Hipólito,MG
Santos Dumont,MG
São Bento Abade,MG
São Brás do Suaçuí,MG
São Domingos do Prata,MG
São Francisco,MG
São Francisco de Paula,MG
São Francisco de Sales,MG
São Francisco do Glória,MG
São Geraldo,MG
São Geraldo da Piedade,MG
São Gonçalo do Abaeté,MG
São Gonçalo do Pará,MG
São Gonçalo do Rio Abaixo,MG
São Gonçalo do Sapucaí,MG
São Gotardo,MG
São João Batista do Glória,MG
São João da Mata,MG
São João da Ponte,MG
São João del Rei,MG
São João do Oriente,MG
São João do Paraíso,MG
São João Evangelista,MG
São João Nepomuceno,MG
São José da Safira,MG
São José da Varginha,MG
São José do Alegre,MG
São José do Divino,MG
São José do Goiabal,MG
São José do Jacuri,MG
São José do Mantimento,MG
São Lourenço,MG
São Miguel do Anta,MG
São Pedro da União,MG
São Pedro dos Ferros,MG
São Pedro do Suaçuí,MG
São Romão,MG
São Roque de Minas,MG
São Sebastião da Bela Vista,MG
São Sebastião do Maranhão,MG
São Sebastião do Oeste,MG
São Sebastião do Paraíso,MG
São Sebastião do Rio Preto,MG
São Sebastião do Rio Verde,MG
São Tiago,MG
São Tomás de Aquino,MG
São Tomé das Letras,MG
São Vicente de Minas,MG
Sapucaí-Mirim,MG
Sardoá,MG
Senador Cortes,MG
Senador Firmino,MG
Senador José Bento,MG
Senador Modestino Gonçalves,MG
Senhora de Oliveira,MG
Senhora do Porto,MG
Senhora dos Remédios,MG
Sericita,MG
Seritinga,MG
Serra Azul de Minas,MG
Serra da Saudade,MG
Serra dos Aimorés,MG
Serra do Salitre,MG
Serrania,MG
Serranos,MG
Serro,MG
Sete Lagoas,MG
Silveirânia,MG
Silvianópolis,MG
Simão Pereira,MG
Simonésia,MG
Sobrália,MG
Soledade de Minas,MG
Tabuleiro,MG
Taiobeiras,MG
Tapira,MG
Tapiraí,MG
Taquaraçu de Minas,MG
Tarumirim,MG
Teixeiras,MG
Teófilo Otoni,MG
Timóteo,MG
Tiradentes,MG
Tiros,MG
Tocantins,MG
Toledo,MG
Tombos,MG
Três Corações,MG
Três Pontas,MG
Tumiritinga,MG
Tupaciguara,MG
Turmalina,MG
Turvolândia,MG
Ubá,MG
Ubaí,MG
Uberaba,MG
Uberlândia,MG
Umburatiba,MG
Unaí,MG
Urucânia,MG
Vargem Bonita,MG
Varginha,MG
Várzea da Palma,MG
Varzelândia,MG
Vazante,MG
Wenceslau Braz,MG
Veríssimo,MG
Vespasiano,MG
Viçosa,MG
Vieiras,MG
Mathias Lobato,MG
Virgem da Lapa,MG
Virgínia,MG
Virginópolis,MG
Virgolândia,MG
Visconde do Rio Branco,MG
Volta Grande,MG
Itaú de Minas,MG
Alcinópolis,MS
Nova Alvorada do Sul,MS
Novo Horizonte do Sul,MS
Japorã,MS
Laguna Carapã,MS
Figueirão,MS
Paraíso das Águas,MS
Água Clara,MS
Amambai,MS
Anastácio,MS
Anaurilândia,MS
Antônio João,MS
Aparecida do Taboado,MS
Aquidauana,MS
Bandeirantes,MS
Bataguassu,MS
Batayporã,MS
Bela Vista,MS
Bonito,MS
Brasilândia,MS
Camapuã,MS
Campo Grande,MS
Caracol,MS
Caarapó,MS
Cassilândia,MS
Corguinho,MS
Corumbá,MS
Coxim,MS
Dourados,MS
Fátima do Sul,MS
Glória de Dourados,MS
Guia Lopes da Laguna,MS
Iguatemi,MS
Inocência,MS
Itaporã,MS
Ivinhema,MS
Jaraguari,MS
Jardim,MS
Jateí,MS
Ladário,MS
Maracaju,MS
Miranda,MS
Naviraí,MS
Nioaque,MS
Nova Andradina,MS
Paranaíba,MS
Pedro Gomes,MS
Ponta Porã,MS
Porto Murtinho,MS
Ribas do Rio Pardo,MS
Rio Brilhante,MS
Rio Negro,MS
Rio Verde de Mato Grosso,MS
Rochedo,MS
Sidrolândia,MS
Terenos,MS
Três Lagoas,MS
Angélica,MS
Aral Moreira,MS
Eldorado,MS
Deodápolis,MS
Mundo Novo,MS
Vicentina,MS
Paranhos,MS
Santa Rita do Pardo,MS
Sonora,MS
Chapadão do Sul,MS
Dois Irmãos do Buriti,MS
Bodoquena,MS
Costa Rica,MS
Douradina,MS
Itaquiraí,MS
São Gabriel do Oeste,MS
Selvíria,MS
Sete Quedas,MS
Tacuru,MS
Taquarussu,MS
Juti,MS
Coronel Sapucaia,MS
Cotriguaçu,MT
Planalto da Serra,MT
São Pedro da Cipa,MT
Pontal do Araguaia,MT
Querência,MT
Ribeirãozinho,MT
Porto Estrela,MT
Nova Marilândia,MT
Nova Maringá,MT
Santo Afonso,MT
Nova Bandeirantes,MT
Nova Monte Verde,MT
Nova Guarita,MT
Santa Carmem,MT
Tabaporã,MT
Alto Boa Vista,MT
Canabrava do Norte,MT
Confresa,MT
São José do Xingu,MT
Glória D'Oeste,MT
Lambari D'Oeste,MT
Campos de Júlio,MT
Carlinda,MT
Feliz Natal,MT
Gaúcha do Norte,MT
Nova Lacerda,MT
Nova Ubiratã,MT
Novo Mundo,MT
Sapezal,MT
União do Sul,MT
Santa Cruz do Xingu,MT
Santa Rita do Trivelato,MT
Santo Antônio do Leste,MT
Serra Nova Dourada,MT
Vale de São Domingos,MT
Ipiranga do Norte,MT
Itanhangá,MT
São José do Povo,MT
Bom Jesus do Araguaia,MT
Colniza,MT
Conquista D'Oeste,MT
Curvelândia,MT
Nova Nazaré,MT
Nova Santa Helena,MT
Novo Santo Antônio,MT
Rondolândia,MT
Colíder,MT
Nova Brasilândia,MT
Paranatinga,MT
Sinop,MT
Alta Floresta,MT
Araputanga,MT
Jauru,MT
São José dos Quatro Marcos,MT
Rio Branco,MT
Salto do Céu,MT
Pontes e Lacerda,MT
Acorizal,MT
Alto Araguaia,MT
Alto Garças,MT
Alto Paraguai,MT
Araguainha,MT
Arenápolis,MT
Aripuanã,MT
Barão de Melgaço,MT
Barra do Bugres,MT
Barra do Garças,MT
Cáceres,MT
Chapada dos Guimarães,MT
Cuiabá,MT
Diamantino,MT
Dom Aquino,MT
General Carneiro,MT
Guiratinga,MT
Itiquira,MT
Jaciara,MT
Luciara,MT
Vila Bela da Santíssima Trindade,MT
Nobres,MT
Nortelândia,MT
Nossa Senhora do Livramento,MT
Poconé,MT
Ponte Branca,MT
Porto dos Gaúchos,MT
Poxoréu,MT
Rondonópolis,MT
Rosário Oeste,MT
Santo Antônio do Leverger,MT
Tesouro,MT
Torixoréu,MT
Várzea Grande,MT
Mirassol d'Oeste,MT
Pedra Preta,MT
São Félix do Araguaia,MT
Tangará da Serra,MT
Juscimeira,MT
Água Boa,MT
Canarana,MT
Nova Xavantina,MT
Santa Terezinha,MT
São José do Rio Claro,MT
Ribeirão Cascalheira,MT
Tapurah,MT
Apiacás,MT
Campo Novo do Parecis,MT
Campo Verde,MT
Castanheira,MT
Cláudia,MT
Juara,MT
Juína,MT
Denise,MT
Jangada,MT
Campinápolis,MT
Cocalinho,MT
Novo São Joaquim,MT
Araguaiana,MT
Primavera do Leste,MT
Brasnorte,MT
Porto Esperidião,MT
Indiavaí,MT
Reserva do Cabaçal,MT
Figueirópolis D'Oeste,MT
Comodoro,MT
Paranaíta,MT
Guarantã do Norte,MT
Nova Canaã do Norte,MT
Peixoto de Azevedo,MT
Nova Olímpia,MT
Porto Alegre do Norte,MT
Vila Rica,MT
Marcelândia,MT
Itaúba,MT
Novo Horizonte do Norte,MT
Vera,MT
Sorriso,MT
Terra Nova do Norte,MT
Alto Taquari,MT
Juruena,MT
Lucas do Rio Verde,MT
Matupá,MT
Nova Mutum,MT
Anapu,PA
Bannach,PA
Belterra,PA
Cachoeira do Piriá,PA
Canaã dos Carajás,PA
Curuá,PA
Floresta do Araguaia,PA
Marituba,PA
Nova Ipixuna,PA
Piçarra,PA
Placas,PA
Quatipuru,PA
São João da Ponta,PA
Sapucaia,PA
Tracuateua,PA
Santa Bárbara do Pará,PA
Santa Luzia do Pará,PA
Terra Alta,PA
Abel Figueiredo,PA
Eldorado do Carajás,PA
Palestina do Pará,PA
São Domingos do Araguaia,PA
Água Azul do Norte,PA
Cumaru do Norte,PA
Pau D'Arco,PA
Aurora do Pará,PA
Nova Esperança do Piriá,PA
São João de Pirabas,PA
Tailândia,PA
Tucumã,PA
Uruará,PA
Abaetetuba,PA
Acará,PA
Afuá,PA
Alenquer,PA
Almeirim,PA
Altamira,PA
Anajás,PA
Ananindeua,PA
Augusto Corrêa,PA
Aveiro,PA
Bagre,PA
Baião,PA
Barcarena,PA
Belém,PA
Benevides,PA
Bonito,PA
Bragança,PA
Breves,PA
Bujaru,PA
Cachoeira do Arari,PA
Cametá,PA
Capanema,PA
Capitão Poço,PA
Castanhal,PA
Chaves,PA
Colares,PA
Conceição do Araguaia,PA
Curralinho,PA
Curuçá,PA
Faro,PA
Gurupá,PA
Igarapé-Açu,PA
Igarapé-Miri,PA
Inhangapi,PA
Irituia,PA
Itaituba,PA
Itupiranga,PA
Jacundá,PA
Juruti,PA
Limoeiro do Ajuru,PA
Magalhães Barata,PA
Marabá,PA
Maracanã,PA
Marapanim,PA
Melgaço,PA
Mocajuba,PA
Moju,PA
Monte Alegre,PA
Muaná,PA
Nova Timboteua,PA
Óbidos,PA
Oeiras do Pará,PA
Oriximiná,PA
Ourém,PA
Paragominas,PA
Peixe-Boi,PA
Ponta de Pedras,PA
Portel,PA
Porto de Moz,PA
Prainha,PA
Primavera,PA
Salinópolis,PA
Salvaterra,PA
Santa Cruz do Arari,PA
Santa Izabel do Pará,PA
Santa Maria do Pará,PA
Santana do Araguaia,PA
Santarém,PA
Santarém Novo,PA
Santo Antônio do Tauá,PA
São Caetano de Odivelas,PA
São Domingos do Capim,PA
São Félix do Xingu,PA
São Francisco do Pará,PA
São João do Araguaia,PA
São Miguel do Guamá,PA
São Sebastião da Boa Vista,PA
Senador José Porfírio,PA
Soure,PA
Tomé-Açu,PA
Tucuruí,PA
Vigia,PA
Viseu,PA
Redenção,PA
Rio Maria,PA
Xinguara,PA
Rondon do Pará,PA
Bom Jesus do Tocantins,PA
Brejo Grande do Araguaia,PA
Concórdia do Pará,PA
Curionópolis,PA
Dom Eliseu,PA
Garrafão do Norte,PA
Mãe do Rio,PA
Medicilândia,PA
Ourilândia do Norte,PA
Pacajá,PA
Parauapebas,PA
Rurópolis,PA
Santa Maria das Barreiras,PA
São Geraldo do Araguaia,PA
Ipixuna do Pará,PA
Ulianópolis,PA
Breu Branco,PA
Goianésia do Pará,PA
Novo Repartimento,PA
Jacareacanga,PA
Novo Progresso,PA
Trairão,PA
Terra Santa,PA
Brasil Novo,PA
Vitória do Xingu,PA
Mojuí dos Campos,PA
Alcantil,PB
Algodão de Jandaíra,PB
Amparo,PB
Aparecida,PB
Areia de Baraúnas,PB
Assunção,PB
Baraúna,PB
Barra de Santana,PB
Bernardino Batista,PB
Boa Vista,PB
Cacimbas,PB
Cajazeirinhas,PB
Capim,PB
Caraúbas,PB
Casserengue,PB
Caturité,PB
Coxixola,PB
Cuité de Mamanguape,PB
Curral de Cima,PB
Damião,PB
Gado Bravo,PB
Logradouro,PB
Marcação,PB
Marizópolis,PB
Matinhas,PB
Mato Grosso,PB
Maturéia,PB
Parari,PB
Poço Dantas,PB
Poço de José de Moura,PB
Pedro Régis,PB
Riachão,PB
Riachão do Bacamarte,PB
Riachão do Poço,PB
Riacho de Santo Antônio,PB
Santa Cecília,PB
Santa Inês,PB
Joca Claudino,PB
Santo André,PB
São Bentinho,PB
São Domingos do Cariri,PB
São Domingos,PB
São Francisco,PB
São José dos Ramos,PB
São José de Princesa,PB
São José do Brejo do Cruz,PB
Sertãozinho,PB
Sobrado,PB
Sossêgo,PB
Tenório,PB
Vieirópolis,PB
Zabelê,PB
Água Branca,PB
Aguiar,PB
Alagoa Grande,PB
Alagoa Nova,PB
Alagoinha,PB
Alhandra,PB
São João do Rio do Peixe,PB
Araçagi,PB
Arara,PB
Araruna,PB
Areia,PB
Areial,PB
Aroeiras,PB
Baía da Traição,PB
Bananeiras,PB
Barra de Santa Rosa,PB
Barra de São Miguel,PB
Bayeux,PB
Belém,PB
Belém do Brejo do Cruz,PB
Boa Ventura,PB
Bom Jesus,PB
Bom Sucesso,PB
Bonito de Santa Fé,PB
Boqueirão,PB
Igaracy,PB
Borborema,PB
Brejo do Cruz,PB
Brejo dos Santos,PB
Caaporã,PB
Cabaceiras,PB
Cabedelo,PB
Cachoeira dos Índios,PB
Cacimba de Areia,PB
Cacimba de Dentro,PB
Caiçara,PB
Cajazeiras,PB
Caldas Brandão,PB
Camalaú,PB
Campina Grande,PB
Carrapateira,PB
Catingueira,PB
Catolé do Rocha,PB
Conceição,PB
Condado,PB
Conde,PB
Congo,PB
Coremas,PB
Cruz do Espírito Santo,PB
Cubati,PB
Cuité,PB
Cuitegi,PB
Curral Velho,PB
Desterro,PB
Vista Serrana,PB
Diamante,PB
Dona Inês,PB
Duas Estradas,PB
Emas,PB
Esperança,PB
Fagundes,PB
Frei Martinho,PB
Guarabira,PB
Gurinhém,PB
Gurjão,PB
Ibiara,PB
Imaculada,PB
Ingá,PB
Itabaiana,PB
Itaporanga,PB
Itapororoca,PB
Itatuba,PB
Jacaraú,PB
Jericó,PB
João Pessoa,PB
Juarez Távora,PB
Juazeirinho,PB
Junco do Seridó,PB
Juripiranga,PB
Juru,PB
Lagoa,PB
Lagoa de Dentro,PB
Lagoa Seca,PB
Lastro,PB
Livramento,PB
Lucena,PB
Mãe d'Água,PB
Malta,PB
Mamanguape,PB
Manaíra,PB
Mari,PB
Massaranduba,PB
Mataraca,PB
Mogeiro,PB
Montadas,PB
Monte Horebe,PB
Monteiro,PB
Mulungu,PB
Natuba,PB
Nazarezinho,PB
Nova Floresta,PB
Nova Olinda,PB
Nova Palmeira,PB
Olho d'Água,PB
Olivedos,PB
Ouro Velho,PB
Passagem,PB
Patos,PB
Paulista,PB
Pedra Branca,PB
Pedra Lavrada,PB
Pedras de Fogo,PB
Piancó,PB
Picuí,PB
Pilar,PB
Pilões,PB
Pilõezinhos,PB
Pirpirituba,PB
Pitimbu,PB
Pocinhos,PB
Pombal,PB
Prata,PB
Princesa Isabel,PB
Puxinanã,PB
Queimadas,PB
Quixaba,PB
Remígio,PB
Riacho dos Cavalos,PB
Rio Tinto,PB
Salgadinho,PB
Salgado de São Félix,PB
Santa Cruz,PB
Santa Helena,PB
Santa Luzia,PB
Santana de Mangueira,PB
Santana dos Garrotes,PB
Santa Rita,PB
Santa Teresinha,PB
São Bento,PB
São João do Cariri,PB
São João do Tigre,PB
São José da Lagoa Tapada,PB
São José de Caiana,PB
São José de Espinharas,PB
São José de Piranhas,PB
São José do Bonfim,PB
São José do Sabugi,PB
São José dos Cordeiros,PB
São Mamede,PB
São Miguel de Taipu,PB
São Sebastião de Lagoa de Roça,PB
São Sebastião do Umbuzeiro,PB
Sapé,PB
São Vicente do Seridó,PB
Serra Branca,PB
Serra da Raiz,PB
Serra Grande,PB
Serra Redonda,PB
Serraria,PB
Solânea,PB
Soledade,PB
Sousa,PB
Sumé,PB
Tacima,PB
Taperoá,PB
Tavares,PB
Teixeira,PB
Triunfo,PB
Uiraúna,PB
Umbuzeiro,PB
Várzea,PB
Araçoiaba,PE
Casinhas,PE
Jaqueira,PE
Jatobá,PE
Lagoa Grande,PE
Manari,PE
Santa Filomena,PE
Tamandaré,PE
Lagoa do Carro,PE
Vertente do Lério,PE
Xexéu,PE
Jucati,PE
Santa Cruz,PE
Dormentes,PE
Afogados da Ingazeira,PE
Afrânio,PE
Agrestina,PE
Água Preta,PE
Águas Belas,PE
Alagoinha,PE
Aliança,PE
Altinho,PE
Amaraji,PE
Angelim,PE
Araripina,PE
Arcoverde,PE
Barra de Guabiraba,PE
Barreiros,PE
Belém de Maria,PE
Belém do São Francisco,PE
Belo Jardim,PE
Betânia,PE
Bezerros,PE
Bodocó,PE
Bom Conselho,PE
Bom Jardim,PE
Bonito,PE
Brejão,PE
Brejinho,PE
Brejo da Madre de Deus,PE
Buenos Aires,PE
Buíque,PE
Cabo de Santo Agostinho,PE
Cabrobó,PE
Cachoeirinha,PE
Caetés,PE
Calçado,PE
Calumbi,PE
Camocim de São Félix,PE
Camutanga,PE
Canhotinho,PE
Capoeiras,PE
Carnaíba,PE
Carpina,PE
Caruaru,PE
Catende,PE
Cedro,PE
Chã de Alegria,PE
Chã Grande,PE
Condado,PE
Correntes,PE
Cortês,PE
Cumaru,PE
Cupira,PE
Custódia,PE
Escada,PE
Exu,PE
Feira Nova,PE
Ferreiros,PE
Flores,PE
Floresta,PE
Frei Miguelinho,PE
Gameleira,PE
Garanhuns,PE
Glória do Goitá,PE
Goiana,PE
Granito,PE
Gravatá,PE
Iati,PE
Ibimirim,PE
Ibirajuba,PE
Igarassu,PE
Iguaracy,PE
Inajá,PE
Ingazeira,PE
Ipojuca,PE
Ipubi,PE
Itacuruba,PE
Itaíba,PE
Ilha de Itamaracá,PE
Itapetim,PE
Itaquitinga,PE
Jaboatão dos Guararapes,PE
Jataúba,PE
João Alfredo,PE
Joaquim Nabuco,PE
Jupi,PE
Jurema,PE
Lagoa de Itaenga,PE
Lagoa do Ouro,PE
Lagoa dos Gatos,PE
Lajedo,PE
Limoeiro,PE
Macaparana,PE
Machados,PE
Maraial,PE
Mirandiba,PE
Moreno,PE
Nazaré da Mata,PE
Olinda,PE
Orobó,PE
Orocó,PE
Ouricuri,PE
Palmares,PE
Palmeirina,PE
Panelas,PE
Paranatama,PE
Parnamirim,PE
Passira,PE
Paudalho,PE
Paulista,PE
Pedra,PE
Pesqueira,PE
Petrolândia,PE
Petrolina,PE
Poção,PE
Pombos,PE
Primavera,PE
Quipapá,PE
Recife,PE
Riacho das Almas,PE
Ribeirão,PE
Rio Formoso,PE
Sairé,PE
Salgadinho,PE
Salgueiro,PE
Saloá,PE
Sanharó,PE
Santa Cruz do Capibaribe,PE
Santa Maria da Boa Vista,PE
Santa Maria do Cambucá,PE
Santa Terezinha,PE
São Benedito do Sul,PE
São Bento do Una,PE
São Caitano,PE
São João,PE
São Joaquim do Monte,PE
São José da Coroa Grande,PE
São José do Belmonte,PE
São José do Egito,PE
São Lourenço da Mata,PE
São Vicente Férrer,PE
Serra Talhada,PE
Serrita,PE
Sertânia,PE
Sirinhaém,PE
Moreilândia,PE
Solidão,PE
Surubim,PE
Tabira,PE
Tacaimbó,PE
Tacaratu,PE
Itambé,PE
Taquaritinga do Norte,PE
Terezinha,PE
Terra Nova,PE
Timbaúba,PE
Toritama,PE
Tracunhaém,PE
Trindade,PE
Triunfo,PE
Tupanatinga,PE
Tuparetama,PE
Venturosa,PE
Verdejante,PE
Vertentes,PE
Vicência,PE
Vitória de Santo Antão,PE
Camaragibe,PE
Abreu e Lima,PE
Itapissuma,PE
Carnaubeira da Penha,PE
Quixaba,PE
Santa Cruz da Baixa Verde,PE
Fernando de Noronha,PE
Acauã,PI
Alvorada do Gurguéia,PI
Assunção do Piauí,PI
Barra D'Alcântara,PI
Bela Vista do Piauí,PI
Belém do Piauí,PI
Betânia do Piauí,PI
Boa Hora,PI
Boqueirão do Piauí,PI
Brejo do Piauí,PI
Cajazeiras do Piauí,PI
Cajueiro da Praia,PI
Campo Alegre do Fidalgo,PI
Campo Grande do Piauí,PI
Campo Largo do Piauí,PI
Capitão Gervásio Oliveira,PI
Caraúbas do Piauí,PI
Caridade do Piauí,PI
Caxingó,PI
Cocal de Telha,PI
Cocal dos Alves,PI
Currais,PI
Curralinhos,PI
Curral Novo do Piauí,PI
Floresta do Piauí,PI
Francisco Macedo,PI
Geminiano,PI
Guaribas,PI
Ilha Grande,PI
Jatobá do Piauí,PI
João Costa,PI
Joca Marques,PI
Juazeiro do Piauí,PI
Júlio Borges,PI
Jurema,PI
Lagoinha do Piauí,PI
Lagoa de São Francisco,PI
Lagoa do Piauí,PI
Lagoa do Sítio,PI
Madeiro,PI
Massapê do Piauí,PI
Milton Brandão,PI
Morro Cabeça no Tempo,PI
Morro do Chapéu do Piauí,PI
Murici dos Portelas,PI
Nossa Senhora de Nazaré,PI
Novo Santo Antônio,PI
Olho D'Água do Piauí,PI
Pajeú do Piauí,PI
Paquetá,PI
Pavussu,PI
Pedro Laurentino,PI
Nova Santa Rita,PI
Porto Alegre do Piauí,PI
Riacho Frio,PI
Ribeira do Piauí,PI
Santo Antônio dos Milagres,PI
São Francisco de Assis do Piauí,PI
São Gonçalo do Gurguéia,PI
São João da Fronteira,PI
São João da Varjota,PI
São João do Arraial,PI
São Luis do Piauí,PI
São Miguel da Baixa Grande,PI
São Miguel do Fidalgo,PI
Sebastião Barros,PI
Sebastião Leal,PI
Sussuapara,PI
Tamboril do Piauí,PI
Tanque do Piauí,PI
Vera Mendes,PI
Vila Nova do Piauí,PI
Wall Ferraz,PI
Coivaras,PI
Jardim do Mulato,PI
Lagoa Alegre,PI
Agricolândia,PI
Água Branca,PI
Alto Longá,PI
Altos,PI
Amarante,PI
Angical do Piauí,PI
Anísio de Abreu,PI
Antônio Almeida,PI
Aroazes,PI
Arraial,PI
Avelino Lopes,PI
Barras,PI
Barreiras do Piauí,PI
Barro Duro,PI
Batalha,PI
Beneditinos,PI
Bertolínia,PI
Bocaina,PI
Bom Jesus,PI
Buriti dos Lopes,PI
Campinas do Piauí,PI
Campo Maior,PI
Canto do Buriti,PI
Capitão de Campos,PI
Caracol,PI
Castelo do Piauí,PI
Cocal,PI
Conceição do Canindé,PI
Corrente,PI
Cristalândia do Piauí,PI
Cristino Castro,PI
Curimatá,PI
Demerval Lobão,PI
Dom Expedito Lopes,PI
Elesbão Veloso,PI
Eliseu Martins,PI
Esperantina,PI
Flores do Piauí,PI
Floriano,PI
Francinópolis,PI
Francisco Ayres,PI
Francisco Santos,PI
Fronteiras,PI
Gilbués,PI
Guadalupe,PI
Hugo Napoleão,PI
Inhuma,PI
Ipiranga do Piauí,PI
Isaías Coelho,PI
Itainópolis,PI
Itaueira,PI
Jaicós,PI
Pau D'Arco do Piauí,PI
Jerumenha,PI
Joaquim Pires,PI
José de Freitas,PI
Landri Sales,PI
Luís Correia,PI
Luzilândia,PI
Manoel Emídio,PI
Marcos Parente,PI
Matias Olímpio,PI
Miguel Alves,PI
Miguel Leão,PI
Monsenhor Gil,PI
Monsenhor Hipólito,PI
Monte Alegre do Piauí,PI
Nazaré do Piauí,PI
Nossa Senhora dos Remédios,PI
Novo Oriente do Piauí,PI
Oeiras,PI
Domingos Mourão,PI
Padre Marcos,PI
Paes Landim,PI
Palmeira do Piauí,PI
Palmeirais,PI
Parnaguá,PI
Parnaíba,PI
Paulistana,PI
Pedro II,PI
Picos,PI
Pimenteiras,PI
Pio IX,PI
Piracuruca,PI
Piripiri,PI
Porto,PI
Prata do Piauí,PI
Redenção do Gurguéia,PI
Regeneração,PI
Ribeiro Gonçalves,PI
Rio Grande do Piauí,PI
Santa Cruz do Piauí,PI
Santa Filomena,PI
Santa Luz,PI
Santo Antônio de Lisboa,PI
Aroeiras do Itaim,PI
Santo Inácio do Piauí,PI
São Félix do Piauí,PI
São Francisco do Piauí,PI
São Gonçalo do Piauí,PI
São João da Serra,PI
São João do Piauí,PI
São José do Peixe,PI
São José do Piauí,PI
São Julião,PI
São Miguel do Tapuio,PI
São Pedro do Piauí,PI
São Raimundo Nonato,PI
Simões,PI
Simplício Mendes,PI
Socorro do Piauí,PI
Teresina,PI
União,PI
Uruçuí,PI
Valença do Piauí,PI
Várzea Grande,PI
Dirceu Arcoverde,PI
Dom Inocêncio,PI
São João da Canabrava,PI
Passagem Franca do Piauí,PI
Santa Cruz dos Milagres,PI
Buriti dos Montes,PI
Cabeceiras do Piauí,PI
Sigefredo Pacheco,PI
Baixa Grande do Ribeiro,PI
Canavieira,PI
Colônia do Gurguéia,PI
Bonfim do Piauí,PI
Colônia do Piauí,PI
Coronel José Dias,PI
Fartura do Piauí,PI
Lagoa do Barro do Piauí,PI
Santa Rosa do Piauí,PI
São Braz do Piauí,PI
São Lourenço do Piauí,PI
Várzea Branca,PI
Alegrete do Piauí,PI
Caldeirão Grande do Piauí,PI
Jacobina do Piauí,PI
Marcolândia,PI
Patos do Piauí,PI
Queimada Nova,PI
Santana do Piauí,PI
Brasileira,PI
São José do Divino,PI
Bom Princípio do Piauí,PI
Nazária,PI
Alagoinha do Piauí,PI
Arapuã,PR
Ariranha do Ivaí,PR
Bela Vista da Caroba,PR
Boa Ventura de São Roque,PR
Bom Jesus do Sul,PR
Campina do Simão,PR
Campo Magro,PR
Carambeí,PR
Coronel Domingos Soares,PR
Cruzmaltina,PR
Esperança Nova,PR
Espigão Alto do Iguaçu,PR
Fernandes Pinheiro,PR
Foz do Jordão,PR
Goioxim,PR
Guamiranga,PR
Imbaú,PR
Manfrinópolis,PR
Marquinho,PR
Perobal,PR
Pontal do Paraná,PR
Porto Barreiro,PR
Prado Ferreira,PR
Quarto Centenário,PR
Reserva do Iguaçu,PR
Rio Branco do Ivaí,PR
Serranópolis do Iguaçu,PR
Tamarana,PR
Doutor Ulysses,PR
Itaperuçu,PR
Pinhais,PR
Tunas do Paraná,PR
Nova Santa Bárbara,PR
Mauá da Serra,PR
Pitangueiras,PR
Anahy,PR
Diamante do Sul,PR
Iguatu,PR
Santa Lúcia,PR
Boa Esperança do Iguaçu,PR
Cruzeiro do Iguaçu,PR
Flor da Serra do Sul,PR
Nova Esperança do Sudoeste,PR
Nova Laranjeiras,PR
Rio Bonito do Iguaçu,PR
Virmond,PR
Iracema do Oeste,PR
Maripá,PR
São Pedro do Iguaçu,PR
Cafezal do Sul,PR
Saudade do Iguaçu,PR
Pinhal de São Bento,PR
Ventania,PR
Candói,PR
Laranjal,PR
Mato Rico,PR
Santa Maria do Oeste,PR
Lidianópolis,PR
Ângulo,PR
Farol,PR
Rancho Alegre D'Oeste,PR
São Manoel do Paraná,PR
Novo Itacolomi,PR
Santa Mônica,PR
Brasilândia do Sul,PR
Alto Paraíso,PR
Itaipulândia,PR
Ramilândia,PR
Entre Rios do Oeste,PR
Mercedes,PR
Pato Bragado,PR
Quatro Pontes,PR
Abatiá,PR
Adrianópolis,PR
Agudos do Sul,PR
Almirante Tamandaré,PR
Alto Paraná,PR
Alto Piquiri,PR
Alvorada do Sul,PR
Amaporã,PR
Ampére,PR
Andirá,PR
Antonina,PR
Antônio Olinto,PR
Apucarana,PR
Arapongas,PR
Arapoti,PR
Araruna,PR
Marilândia do Sul,PR
Araucária,PR
Assaí,PR
Astorga,PR
Atalaia,PR
Balsa Nova,PR
Bandeirantes,PR
Barbosa Ferraz,PR
Barracão,PR
Barra do Jacaré,PR
Bela Vista do Paraíso,PR
Bituruna,PR
Boa Esperança,PR
Bocaiúva do Sul,PR
Bom Sucesso,PR
Borrazópolis,PR
Cafeara,PR
Califórnia,PR
Cambará,PR
Cambé,PR
Cambira,PR
Campina da Lagoa,PR
Campina Grande do Sul,PR
Campo do Tenente,PR
Campo Largo,PR
Campo Mourão,PR
Cândido de Abreu,PR
Capanema,PR
Capitão Leônidas Marques,PR
Carlópolis,PR
Cascavel,PR
Castro,PR
Catanduvas,PR
Centenário do Sul,PR
Cerro Azul,PR
Chopinzinho,PR
Cianorte,PR
Cidade Gaúcha,PR
Clevelândia,PR
Mangueirinha,PR
Colombo,PR
Colorado,PR
Congonhinhas,PR
Conselheiro Mairinck,PR
Contenda,PR
Corbélia,PR
Cornélio Procópio,PR
Coronel Vivida,PR
Cruzeiro do Oeste,PR
Cruzeiro do Sul,PR
Cruz Machado,PR
Curitiba,PR
Curiúva,PR
Diamante do Norte,PR
Dois Vizinhos,PR
Doutor Camargo,PR
Enéas Marques,PR
Engenheiro Beltrão,PR
Faxinal,PR
Fênix,PR
Floraí,PR
Floresta,PR
Florestópolis,PR
Flórida,PR
Formosa do Oeste,PR
Foz do Iguaçu,PR
Francisco Beltrão,PR
General Carneiro,PR
Goioerê,PR
Guaíra,PR
Guairaçá,PR
Guapirama,PR
Guaporema,PR
Guaraci,PR
Guaraniaçu,PR
Guarapuava,PR
Guaraqueçaba,PR
Guaratuba,PR
Ibaiti,PR
Ibiporã,PR
Icaraíma,PR
Iguaraçu,PR
Imbituva,PR
Inácio Martins,PR
Inajá,PR
Ipiranga,PR
Iporã,PR
Irati,PR
Iretama,PR
Itaguajé,PR
Itambaracá,PR
Itambé,PR
Itapejara d'Oeste,PR
Itaúna do Sul,PR
Ivaí,PR
Ivaiporã,PR
Ivatuba,PR
Jaboti,PR
Jacarezinho,PR
Jaguapitã,PR
Jaguariaíva,PR
Jandaia do Sul,PR
Janiópolis,PR
Japira,PR
Japurá,PR
Jardim Alegre,PR
Jardim Olinda,PR
Jataizinho,PR
Joaquim Távora,PR
Jundiaí do Sul,PR
Jussara,PR
Kaloré,PR
Lapa,PR
Laranjeiras do Sul,PR
Leópolis,PR
Loanda,PR
Lobato,PR
Londrina,PR
Lupionópolis,PR
Mallet,PR
Mamborê,PR
Mandaguaçu,PR
Mandaguari,PR
Mandirituba,PR
Manoel Ribas,PR
Marechal Cândido Rondon,PR
Maria Helena,PR
Marialva,PR
Mariluz,PR
Maringá,PR
Mariópolis,PR
Marmeleiro,PR
Marumbi,PR
Matelândia,PR
Medianeira,PR
Mirador,PR
Miraselva,PR
Moreira Sales,PR
Morretes,PR
Munhoz de Melo,PR
Nossa Senhora das Graças,PR
Nova Aliança do Ivaí,PR
Nova América da Colina,PR
Nova Cantu,PR
Nova Esperança,PR
Nova Fátima,PR
Nova Londrina,PR
Ortigueira,PR
Ourizona,PR
Paiçandu,PR
Palmas,PR
Palmeira,PR
Palmital,PR
Palotina,PR
Paraíso do Norte,PR
Paranacity,PR
Paranaguá,PR
Paranapoema,PR
Paranavaí,PR
Pato Branco,PR
Paula Freitas,PR
Paulo Frontin,PR
Peabiru,PR
Pérola d'Oeste,PR
Piên,PR
Pinhalão,PR
Pinhão,PR
Piraí do Sul,PR
Piraquara,PR
Pitanga,PR
Planaltina do Paraná,PR
Planalto,PR
Ponta Grossa,PR
Porecatu,PR
Porto Amazonas,PR
Porto Rico,PR
Porto Vitória,PR
Presidente Castelo Branco,PR
Primeiro de Maio,PR
Prudentópolis,PR
Quatiguá,PR
Quatro Barras,PR
Querência do Norte,PR
Quinta do Sol,PR
Quitandinha,PR
Rancho Alegre,PR
Realeza,PR
Rebouças,PR
Renascença,PR
Reserva,PR
Ribeirão Claro,PR
Ribeirão do Pinhal,PR
Rio Azul,PR
Rio Bom,PR
Rio Branco do Sul,PR
Rio Negro,PR
Rolândia,PR
Roncador,PR
Rondon,PR
Sabáudia,PR
Salgado Filho,PR
Salto do Itararé,PR
Salto do Lontra,PR
Santa Amélia,PR
Santa Cecília do Pavão,PR
Santa Cruz de Monte Castelo,PR
Santa Fé,PR
Santa Inês,PR
Santa Isabel do Ivaí,PR
Santa Izabel do Oeste,PR
Santa Mariana,PR
Santana do Itararé,PR
Santo Antônio do Sudoeste,PR
Santo Antônio da Platina,PR
Santo Antônio do Caiuá,PR
Santo Antônio do Paraíso,PR
Santo Inácio,PR
São Carlos do Ivaí,PR
São Jerônimo da Serra,PR
São João,PR
São João do Caiuá,PR
São João do Ivaí,PR
São João do Triunfo,PR
São Jorge do Ivaí,PR
São Jorge d'Oeste,PR
São José da Boa Vista,PR
São José dos Pinhais,PR
São Mateus do Sul,PR
São Miguel do Iguaçu,PR
São Pedro do Ivaí,PR
São Pedro do Paraná,PR
São Sebastião da Amoreira,PR
São Tomé,PR
Sapopema,PR
Sengés,PR
Sertaneja,PR
Sertanópolis,PR
Siqueira Campos,PR
Tamboara,PR
Tapejara,PR
Teixeira Soares,PR
Telêmaco Borba,PR
Terra Boa,PR
Terra Rica,PR
Terra Roxa,PR
Tibagi,PR
Tijucas do Sul,PR
Toledo,PR
Tomazina,PR
Tuneiras do Oeste,PR
Ubiratã,PR
Umuarama,PR
União da Vitória,PR
Uniflor,PR
Uraí,PR
Wenceslau Braz,PR
Verê,PR
Vitorino,PR
Xambrê,PR
Altônia,PR
Assis Chateaubriand,PR
Quedas do Iguaçu,PR
Céu Azul,PR
Grandes Rios,PR
Indianópolis,PR
Matinhos,PR
Nova Aurora,PR
Nova Olímpia,PR
Pérola,PR
Santa Helena,PR
Tapira,PR
Marilena,PR
Francisco Alves,PR
Nova Santa Rosa,PR
Boa Vista da Aparecida,PR
Braganey,PR
Cafelândia,PR
Três Barras do Paraná,PR
Vera Cruz do Oeste,PR
Pranchita,PR
Tupãssi,PR
Nova Prata do Iguaçu,PR
Jesuítas,PR
São Jorge do Patrocínio,PR
Cantagalo,PR
Turvo,PR
Altamira do Paraná,PR
Figueira,PR
Lunardelli,PR
Sarandi,PR
Juranda,PR
Douradina,PR
Santa Terezinha de Itaipu,PR
Missal,PR
São José das Palmeiras,PR
Rosário do Ivaí,PR
Campo Bonito,PR
Sulina,PR
Corumbataí do Sul,PR
Luiziana,PR
Nova Tebas,PR
Diamante D'Oeste,PR
Godoy Moreira,PR
Ibema,PR
Ivaté,PR
Lindoeste,PR
Ouro Verde do Oeste,PR
Santa Tereza do Oeste,PR
Bom Sucesso do Sul,PR
Honório Serpa,PR
Fazenda Rio Grande,PR
Armação dos Búzios,RJ
Carapebus,RJ
Iguaba Grande,RJ
Macuco,RJ
Pinheiral,RJ
Porto Real,RJ
São Francisco de Itabapoana,RJ
São José de Ubá,RJ
Seropédica,RJ
Tanguá,RJ
Mesquita,RJ
Guapimirim,RJ
Belford Roxo,RJ
Queimados,RJ
Japeri,RJ
Cardoso Moreira,RJ
Varre-Sai,RJ
Aperibé,RJ
Rio das Ostras,RJ
Quatis,RJ
Areal,RJ
Comendador Levy Gasparian,RJ
Angra dos Reis,RJ
Araruama,RJ
Barra do Piraí,RJ
Barra Mansa,RJ
Bom Jardim,RJ
Bom Jesus do Itabapoana,RJ
Cabo Frio,RJ
Cachoeiras de Macacu,RJ
Cambuci,RJ
Campos dos Goytacazes,RJ
Cantagalo,RJ
Carmo,RJ
Casimiro de Abreu,RJ
Conceição de Macabu,RJ
Cordeiro,RJ
Duas Barras,RJ
Duque de Caxias,RJ
Engenheiro Paulo de Frontin,RJ
Itaboraí,RJ
Itaguaí,RJ
Itaocara,RJ
Itaperuna,RJ
Laje do Muriaé,RJ
Macaé,RJ
Magé,RJ
Mangaratiba,RJ
Maricá,RJ
Mendes,RJ
Miguel Pereira,RJ
Miracema,RJ
Natividade,RJ
Nilópolis,RJ
Niterói,RJ
Nova Friburgo,RJ
Nova Iguaçu,RJ
Paracambi,RJ
Paraíba do Sul,RJ
Paraty,RJ
Petrópolis,RJ
Piraí,RJ
Porciúncula,RJ
Resende,RJ
Rio Bonito,RJ
Rio Claro,RJ
Rio das Flores,RJ
Santa Maria Madalena,RJ
Santo Antônio de Pádua,RJ
São Fidélis,RJ
São Gonçalo,RJ
São João da Barra,RJ
São João de Meriti,RJ
São Pedro da Aldeia,RJ
São Sebastião do Alto,RJ
Sapucaia,RJ
Saquarema,RJ
Silva Jardim,RJ
Sumidouro,RJ
Teresópolis,RJ
Trajano de Moraes,RJ
Três Rios,RJ
Valença,RJ
Vassouras,RJ
Volta Redonda,RJ
Arraial do Cabo,RJ
Italva,RJ
Rio de Janeiro,RJ
Itatiaia,RJ
Paty do Alferes,RJ
Quissamã,RJ
São José do Vale do Rio Preto,RJ
Bodó,RN
Caiçara do Norte,RN
Fernando Pedroza,RN
Itajá,RN
Major Sales,RN
Rio do Fogo,RN
Santa Maria,RN
Porto do Mangue,RN
Tibau,RN
São Miguel do Gostoso,RN
Serrinha dos Pintos,RN
Tenente Laurentino Cruz,RN
Triunfo Potiguar,RN
Venha-Ver,RN
Jundiá,RN
Acari,RN
Açu,RN
Afonso Bezerra,RN
Água Nova,RN
Alexandria,RN
Almino Afonso,RN
Alto do Rodrigues,RN
Angicos,RN
Antônio Martins,RN
Apodi,RN
Areia Branca,RN
Arês,RN
Campo Grande,RN
Baía Formosa,RN
Barcelona,RN
Bento Fernandes,RN
Bom Jesus,RN
Brejinho,RN
Caiçara do Rio do Vento,RN
Caicó,RN
Campo Redondo,RN
Canguaretama,RN
Caraúbas,RN
Carnaúba dos Dantas,RN
Carnaubais,RN
Ceará-Mirim,RN
Cerro Corá,RN
Coronel Ezequiel,RN
Coronel João Pessoa,RN
Cruzeta,RN
Currais Novos,RN
Doutor Severiano,RN
Encanto,RN
Equador,RN
Espírito Santo,RN
Extremoz,RN
Felipe Guerra,RN
Florânia,RN
Francisco Dantas,RN
Galinhos,RN
Goianinha,RN
Governador Dix-Sept Rosado,RN
Grossos,RN
Guamaré,RN
Ielmo Marinho,RN
Ipanguaçu,RN
Ipueira,RN
Itaú,RN
Jaçanã,RN
Jandaíra,RN
Janduís,RN
Januário Cicco,RN
Japi,RN
Jardim de Angicos,RN
Jardim de Piranhas,RN
Jardim do Seridó,RN
João Câmara,RN
João Dias,RN
José da Penha,RN
Jucurutu,RN
Messias Targino,RN
Lagoa d'Anta,RN
Lagoa de Pedras,RN
Lagoa de Velhos,RN
Lagoa Nova,RN
Lagoa Salgada,RN
Lajes,RN
Lajes Pintadas,RN
Lucrécia,RN
Luís Gomes,RN
Macaíba,RN
Macau,RN
Marcelino Vieira,RN
Martins,RN
Maxaranguape,RN
Frutuoso Gomes,RN
Montanhas,RN
Monte Alegre,RN
Monte das Gameleiras,RN
Mossoró,RN
Natal,RN
Nísia Floresta,RN
Nova Cruz,RN
Olho d'Água do Borges,RN
Ouro Branco,RN
Paraná,RN
Paraú,RN
Parazinho,RN
Parelhas,RN
Parnamirim,RN
Passa e Fica,RN
Passagem,RN
Patu,RN
Pau dos Ferros,RN
Pedra Grande,RN
Pedra Preta,RN
Pedro Avelino,RN
Pedro Velho,RN
Pendências,RN
Pilões,RN
Poço Branco,RN
Portalegre,RN
Serra Caiada,RN
Pureza,RN
Rafael Fernandes,RN
Riacho da Cruz,RN
Riacho de Santana,RN
Riachuelo,RN
Rodolfo Fernandes,RN
Ruy Barbosa,RN
São Francisco do Oeste,RN
Santa Cruz,RN
Santana do Seridó,RN
Santana do Matos,RN
Santo Antônio,RN
São Bento do Norte,RN
São Bento do Trairí,RN
São Fernando,RN
São Gonçalo do Amarante,RN
São João do Sabugi,RN
São José de Mipibu,RN
São José do Campestre,RN
São José do Seridó,RN
São Miguel,RN
São Paulo do Potengi,RN
São Pedro,RN
São Rafael,RN
São Tomé,RN
São Vicente,RN
Senador Elói de Souza,RN
Senador Georgino Avelino,RN
Serra de São Bento,RN
Serra Negra do Norte,RN
Serrinha,RN
Severiano Melo,RN
Sítio Novo,RN
Taboleiro Grande,RN
Taipu,RN
Tangará,RN
Tenente Ananias,RN
Tibau do Sul,RN
Timbaúba dos Batistas,RN
Touros,RN
Umarizal,RN
Upanema,RN
Várzea,RN
Rafael Godeiro,RN
Vera Cruz,RN
Viçosa,RN
Vila Flor,RN
Serra do Mel,RN
Baraúna,RN
Guajará-Mirim,RO
Alto Alegre dos Parecis,RO
Porto Velho,RO
Buritis,RO
Ji-Paraná,RO
Chupinguaia,RO
Ariquemes,RO
Cujubim,RO
Cacoal,RO
Nova União,RO
Pimenta Bueno,RO
Parecis,RO
Vilhena,RO
Pimenteiras do Oeste,RO
Jaru,RO
Primavera de Rondônia,RO
Ouro Preto do Oeste,RO
São Felipe D'Oeste,RO
Presidente Médici,RO
São Francisco do Guaporé,RO
Costa Marques,RO
Teixeirópolis,RO
Colorado do Oeste,RO
Vale do Anari,RO
Espigão D'Oeste,RO
Cerejeiras,RO
Rolim de Moura,RO
Alta Floresta D'Oeste,RO
Alvorada D'Oeste,RO
Cabixi,RO
Machadinho D'Oeste,RO
Nova Brasilândia D'Oeste,RO
Santa Luzia D'Oeste,RO
São Miguel do Guaporé,RO
Nova Mamoré,RO
Alto Paraíso,RO
Cacaulândia,RO
Campo Novo de Rondônia,RO
Candeias do Jamari,RO
Itapuã do Oeste,RO
Monte Negro,RO
Rio Crespo,RO
Novo Horizonte do Oeste,RO
Castanheiras,RO
Governador Jorge Teixeira,RO
Ministro Andreazza,RO
Mirante da Serra,RO
Seringueiras,RO
Theobroma,RO
Urupá,RO
Vale do Paraíso,RO
Corumbiara,RO
Amajari,RR
Cantá,RR
Caroebe,RR
Iracema,RR
Pacaraima,RR
Rorainópolis,RR
Uiramutã,RR
Boa Vista,RR
Caracaraí,RR
Alto Alegre,RR
Bonfim,RR
Mucajaí,RR
Normandia,RR
São João da Baliza,RR
São Luiz,RR
Araricá,RS
Balneário Pinhal,RS
Barra do Quaraí,RS
Benjamin Constant do Sul,RS
Boa Vista do Sul,RS
Capivari do Sul,RS
Caraá,RS
Cerrito,RS
Chuí,RS
Chuvisca,RS
Cristal do Sul,RS
Dilermando de Aguiar,RS
Dom Pedro de Alcântara,RS
Doutor Ricardo,RS
Esperança do Sul,RS
Estrela Velha,RS
Fazenda Vilanova,RS
Floriano Peixoto,RS
Herveiras,RS
Itaara,RS
Jari,RS
Maçambará,RS
Mampituba,RS
Marques de Souza,RS
Monte Alegre dos Campos,RS
Muitos Capões,RS
Nova Candelária,RS
Nova Ramada,RS
Novo Cabrais,RS
Passa Sete,RS
Senador Salgado Filho,RS
Sete de Setembro,RS
Tabaí,RS
Toropi,RS
Turuçu,RS
Ubiretama,RS
Unistalda,RS
Vale Verde,RS
Vespasiano Corrêa,RS
Vila Lângaro,RS
Aceguá,RS
Almirante Tamandaré do Sul,RS
Arroio do Padre,RS
Boa Vista do Cadeado,RS
Boa Vista do Incra,RS
Bozano,RS
Canudos do Vale,RS
Capão Bonito do Sul,RS
Capão do Cipó,RS
Coqueiro Baixo,RS
Coronel Pilar,RS
Cruzaltense,RS
Forquetinha,RS
Itati,RS
Jacuizinho,RS
Lagoa Bonita do Sul,RS
Mato Queimado,RS
Novo Xingu,RS
Paulo Bento,RS
Pedras Altas,RS
Pinhal da Serra,RS
Pinto Bandeira,RS
Quatro Irmãos,RS
Rolador,RS
Santa Cecília do Sul,RS
Santa Margarida do Sul,RS
São José do Sul,RS
São Pedro das Missões,RS
Tio Hugo,RS
Westfália,RS
Nova Santa Rita,RS
Mariana Pimentel,RS
Sertão Santana,RS
Gramado Xavier,RS
Passo do Sobrado,RS
Sinimbu,RS
Vale do Sol,RS
Barão do Triunfo,RS
Minas do Leão,RS
Morrinhos do Sul,RS
Três Forquilhas,RS
Arambaré,RS
Sentinela do Sul,RS
Maquiné,RS
Xangri-lá,RS
Pinhal Grande,RS
Quevedos,RS
São João do Polêsine,RS
São Martinho da Serra,RS
Vila Nova do Sul,RS
Coxilha,RS
Gentil,RS
Mato Castelhano,RS
Mormaço,RS
Muliterno,RS
Nicolau Vergueiro,RS
Pontão,RS
Santo Antônio do Palma,RS
Barra Funda,RS
Coqueiros do Sul,RS
Engenho Velho,RS
Gramado dos Loureiros,RS
Lagoa dos Três Cantos,RS
Nova Boa Vista,RS
Rio dos Índios,RS
Santo Antônio do Planalto,RS
Barra do Rio Azul,RS
Carlos Gomes,RS
Centenário,RS
Charrua,RS
Ponte Preta,RS
Ametista do Sul,RS
Dois Irmãos das Missões,RS
Novo Tiradentes,RS
Pinheirinho do Vale,RS
Santo Expedito do Sul,RS
Tupanci do Sul,RS
Boa Vista das Missões,RS
Lajeado do Bugre,RS
Novo Barreiro,RS
Sagrada Família,RS
São José das Missões,RS
Nova Pádua,RS
Monte Belo do Sul,RS
Santa Tereza,RS
São Valentim do Sul,RS
União da Serra,RS
Campestre da Serra,RS
São José dos Ausentes,RS
Lindolfo Collor,RS
Morro Reuter,RS
Picada Café,RS
Presidente Lucena,RS
Capitão,RS
Itapuca,RS
Colinas,RS
Mato Leitão,RS
Santa Clara do Sul,RS
Sério,RS
Travesseiro,RS
Maratá,RS
Pareci Novo,RS
São Pedro da Serra,RS
Alto Feliz,RS
Linha Nova,RS
Vale Real,RS
Inhacorá,RS
Vitória das Missões,RS
Coronel Barros,RS
Novo Machado,RS
São José do Inhacorá,RS
Salvador das Missões,RS
São Pedro do Butiá,RS
Porto Mauá,RS
Porto Vera Cruz,RS
Barra do Guarita,RS
Bom Progresso,RS
Derrubadas,RS
São Valério do Sul,RS
Tiradentes do Sul,RS
Manoel Viana,RS
Garruchos,RS
Candiota,RS
Hulha Negra,RS
São Vendelino,RS
Imigrante,RS
Imbé,RS
Ibirapuitã,RS
Estação,RS
Vista Gaúcha,RS
Vista Alegre do Prata,RS
Vista Alegre,RS
Vila Maria,RS
Vila Flores,RS
Taquaruçu do Sul,RS
Silveira Martins,RS
Segredo,RS
Vanini,RS
Tupandi,RS
Tunas,RS
Trindade do Sul,RS
Três Palmeiras,RS
Três Cachoeiras,RS
Três Arroios,RS
Terra de Areia,RS
Sede Nova,RS
Santa Maria do Herval,RS
Saldanha Marinho,RS
São Miguel das Missões,RS
São José do Hortêncio,RS
São José do Herval,RS
São Jorge,RS
São João da Urtiga,RS
São Domingos do Sul,RS
Riozinho,RS
Relvado,RS
Quinze de Novembro,RS
Protásio Alves,RS
Progresso,RS
Pouso Novo,RS
Poço das Antas,RS
Pirapó,RS
Pinhal,RS
Paverama,RS
Paraíso do Sul,RS
Pantano Grande,RS
Nova Roma do Sul,RS
Nova Hartz,RS
Nova Esperança do Sul,RS
Nova Alvorada,RS
Morro Redondo,RS
Montauri,RS
Lagoão,RS
Jaquirana,RS
Jaboticaba,RS
Ivorá,RS
Itacurubi,RS
Ipiranga do Sul,RS
Ipê,RS
Ibarama,RS
Harmonia,RS
Guabiju,RS
Glorinha,RS
Faxinalzinho,RS
Fagundes Varela,RS
Eugênio de Castro,RS
Ernestina,RS
Erebango,RS
Entre-Ijuís,RS
Entre Rios do Sul,RS
Eldorado do Sul,RS
Doutor Maurício Cardoso,RS
Dois Lajeados,RS
Dezesseis de Novembro,RS
Cristal,RS
Cidreira,RS
Cerro Grande do Sul,RS
Cerro Grande,RS
Cerro Branco,RS
Caseiros,RS
Capela de Santana,RS
Campos Borges,RS
Camargo,RS
Brochier,RS
Boqueirão do Leão,RS
Barão,RS
Áurea,RS
Arroio do Sal,RS
André da Rocha,RS
Amaral Ferrador,RS
Alto Alegre,RS
Alegria,RS
Água Santa,RS
Agudo,RS
Ajuricaba,RS
Alecrim,RS
Alegrete,RS
Alpestre,RS
Alvorada,RS
Anta Gorda,RS
Antônio Prado,RS
Aratiba,RS
Arroio do Meio,RS
Arroio dos Ratos,RS
Arroio do Tigre,RS
Arroio Grande,RS
Arvorezinha,RS
Augusto Pestana,RS
Bagé,RS
Barão de Cotegipe,RS
Barracão,RS
Barra do Ribeiro,RS
Barros Cassal,RS
Bento Gonçalves,RS
Boa Vista do Buricá,RS
Bom Jesus,RS
Bom Retiro do Sul,RS
Bossoroca,RS
Braga,RS
Butiá,RS
Caçapava do Sul,RS
Cacequi,RS
Cachoeira do Sul,RS
Cachoeirinha,RS
Cacique Doble,RS
Caibaté,RS
Caiçara,RS
Camaquã,RS
Cambará do Sul,RS
Campina das Missões,RS
Campinas do Sul,RS
Campo Bom,RS
Campo Novo,RS
Candelária,RS
Cândido Godói,RS
Canela,RS
Canguçu,RS
Canoas,RS
Carazinho,RS
Carlos Barbosa,RS
Casca,RS
Catuípe,RS
Caxias do Sul,RS
Cerro Largo,RS
Chapada,RS
Chiapetta,RS
Ciríaco,RS
Colorado,RS
Condor,RS
Constantina,RS
Coronel Bicaco,RS
Crissiumal,RS
Cruz Alta,RS
Cruzeiro do Sul,RS
David Canabarro,RS
Dois Irmãos,RS
Dom Feliciano,RS
Dom Pedrito,RS
Dona Francisca,RS
Encantado,RS
Encruzilhada do Sul,RS
Erechim,RS
Herval,RS
Erval Grande,RS
Erval Seco,RS
Esmeralda,RS
Espumoso,RS
Estância Velha,RS
Esteio,RS
Estrela,RS
Farroupilha,RS
Faxinal do Soturno,RS
Feliz,RS
Flores da Cunha,RS
Fontoura Xavier,RS
Formigueiro,RS
Frederico Westphalen,RS
Garibaldi,RS
Gaurama,RS
General Câmara,RS
São Vicente do Sul,RS
Getúlio Vargas,RS
Giruá,RS
Gramado,RS
Gravataí,RS
Guaíba,RS
Guaporé,RS
Guarani das Missões,RS
Horizontina,RS
Charqueadas,RS
Humaitá,RS
Ibiaçá,RS
Ibiraiaras,RS
Ibirubá,RS
Igrejinha,RS
Ijuí,RS
Ilópolis,RS
Independência,RS
Iraí,RS
Itaqui,RS
Itatiba do Sul,RS
Ivoti,RS
Jacutinga,RS
Jaguarão,RS
Jaguari,RS
Júlio de Castilhos,RS
Lagoa Vermelha,RS
Lajeado,RS
Lavras do Sul,RS
Liberato Salzano,RS
Machadinho,RS
Marau,RS
Marcelino Ramos,RS
Mariano Moro,RS
Mata,RS
Maximiliano de Almeida,RS
Miraguaí,RS
Montenegro,RS
Mostardas,RS
Muçum,RS
Não-Me-Toque,RS
Nonoai,RS
Nova Araçá,RS
Nova Bassano,RS
Nova Bréscia,RS
Nova Palma,RS
Nova Petrópolis,RS
Nova Prata,RS
Novo Hamburgo,RS
Osório,RS
Paim Filho,RS
Palmeira das Missões,RS
Palmitinho,RS
Panambi,RS
Paraí,RS
Passo Fundo,RS
Pedro Osório,RS
Pejuçara,RS
Pelotas,RS
Pinheiro Machado,RS
Piratini,RS
Planalto,RS
Portão,RS
Porto Alegre,RS
Porto Lucena,RS
Porto Xavier,RS
Putinga,RS
Quaraí,RS
Redentora,RS
Restinga Sêca,RS
Rio Grande,RS
Rio Pardo,RS
Roca Sales,RS
Rodeio Bonito,RS
Rolante,RS
Ronda Alta,RS
Rondinha,RS
Roque Gonzales,RS
Rosário do Sul,RS
Salvador do Sul,RS
Sananduva,RS
Santa Bárbara do Sul,RS
Santa Cruz do Sul,RS
Santa Maria,RS
Santana da Boa Vista,RS
Sant'Ana do Livramento,RS
Santa Rosa,RS
Santa Vitória do Palmar,RS
Santiago,RS
Santo Ângelo,RS
Santo Antônio da Patrulha,RS
Santo Antônio das Missões,RS
Santo Augusto,RS
Santo Cristo,RS
São Borja,RS
São Francisco de Assis,RS
São Francisco de Paula,RS
São Gabriel,RS
São Jerônimo,RS
São José do Norte,RS
São José do Ouro,RS
São Leopoldo,RS
São Lourenço do Sul,RS
São Luiz Gonzaga,RS
São Marcos,RS
São Martinho,RS
São Nicolau,RS
São Paulo das Missões,RS
São Pedro do Sul,RS
São Sebastião do Caí,RS
São Sepé,RS
São Valentim,RS
Sapiranga,RS
Sapucaia do Sul,RS
Sarandi,RS
Seberi,RS
Selbach,RS
Serafina Corrêa,RS
Sertão,RS
Severiano de Almeida,RS
Capão da Canoa,RS
Sobradinho,RS
Soledade,RS
Tapejara,RS
Tapera,RS
Tapes,RS
Taquara,RS
Taquari,RS
Tenente Portela,RS
Torres,RS
Tramandaí,RS
Três Coroas,RS
Três de Maio,RS
Três Passos,RS
Triunfo,RS
Tucunduva,RS
Tupanciretã,RS
Tuparendi,RS
Uruguaiana,RS
Vacaria,RS
Venâncio Aires,RS
Vera Cruz,RS
Veranópolis,RS
Viadutos,RS
Viamão,RS
Vicente Dutra,RS
Palmares do Sul,RS
Victor Graeff,RS
Tavares,RS
Capão do Leão,RS
Salto do Jacuí,RS
Cotiporã,RS
Teutônia,RS
Bom Princípio,RS
Parobé,RS
Fortaleza dos Valos,RS
Jóia,RS
Alto Bela Vista,SC
Balneário Arroio do Silva,SC
Balneário Gaivota,SC
Bandeirante,SC
Barra Bonita,SC
Bela Vista do Toldo,SC
Bocaina do Sul,SC
Bom Jesus,SC
Bom Jesus do Oeste,SC
Brunópolis,SC
Capão Alto,SC
Chapadão do Lageado,SC
Cunhataí,SC
Entre Rios,SC
Ermo,SC
Flor do Sertão,SC
Frei Rogério,SC
Ibiam,SC
Iomerê,SC
Jupiá,SC
Luzerna,SC
Paial,SC
Painel,SC
Palmeira,SC
Princesa,SC
Saltinho,SC
Santa Terezinha do Progresso,SC
Santiago do Sul,SC
São Bernardino,SC
São Pedro de Alcântara,SC
Tigrinhos,SC
Treviso,SC
Zortéa,SC
Forquilhinha,SC
Bombinhas,SC
Morro Grande,SC
Passo de Torres,SC
Cocal do Sul,SC
Capivari de Baixo,SC
Sangão,SC
Balneário Barra do Sul,SC
São João do Itaperiú,SC
Calmon,SC
Santa Terezinha,SC
Braço do Trombudo,SC
Mirim Doce,SC
Monte Carlo,SC
Vargem,SC
Vargem Bonita,SC
Cerro Negro,SC
Ponte Alta do Norte,SC
Rio Rufino,SC
São Cristóvão do Sul,SC
Macieira,SC
Águas Frias,SC
Cordilheira Alta,SC
Formosa do Sul,SC
Guatambú,SC
Irati,SC
Jardinópolis,SC
Nova Itaberaba,SC
Novo Horizonte,SC
Planalto Alegre,SC
Sul Brasil,SC
Arabutã,SC
Arvoredo,SC
Coronel Martins,SC
Ipuaçu,SC
Lajeado Grande,SC
Ouro Verde,SC
Passos Maia,SC
Belmonte,SC
Paraíso,SC
Riqueza,SC
Santa Helena,SC
São João do Oeste,SC
São Miguel da Boa Vista,SC
Abelardo Luz,SC
Agrolândia,SC
Agronômica,SC
Água Doce,SC
Águas de Chapecó,SC
Águas Mornas,SC
Alfredo Wagner,SC
Anchieta,SC
Angelina,SC
Anita Garibaldi,SC
Anitápolis,SC
Antônio Carlos,SC
Araquari,SC
Araranguá,SC
Armazém,SC
Arroio Trinta,SC
Ascurra,SC
Atalanta,SC
Aurora,SC
Balneário Camboriú,SC
Barra Velha,SC
Benedito Novo,SC
Biguaçu,SC
Blumenau,SC
Bom Retiro,SC
Botuverá,SC
Braço do Norte,SC
Brusque,SC
Caçador,SC
Caibi,SC
Camboriú,SC
Campo Alegre,SC
Campo Belo do Sul,SC
Campo Erê,SC
Campos Novos,SC
Canelinha,SC
Canoinhas,SC
Capinzal,SC
Catanduvas,SC
Caxambu do Sul,SC
Chapecó,SC
Concórdia,SC
Coronel Freitas,SC
Corupá,SC
Criciúma,SC
Cunha Porã,SC
Curitibanos,SC
Descanso,SC
Dionísio Cerqueira,SC
Dona Emma,SC
Erval Velho,SC
Faxinal dos Guedes,SC
Florianópolis,SC
Fraiburgo,SC
Galvão,SC
Governador Celso Ramos,SC
Garopaba,SC
Garuva,SC
Gaspar,SC
Grão-Pará,SC
Gravatal,SC
Guabiruba,SC
Guaraciaba,SC
Guaramirim,SC
Guarujá do Sul,SC
Herval d'Oeste,SC
Ibicaré,SC
Ibirama,SC
Içara,SC
Ilhota,SC
Imaruí,SC
Imbituba,SC
Imbuia,SC
Indaial,SC
Ipira,SC
Ipumirim,SC
Irani,SC
Irineópolis,SC
Itá,SC
Itaiópolis,SC
Itajaí,SC
Itapema,SC
Itapiranga,SC
Ituporanga,SC
Jaborá,SC
Jacinto Machado,SC
Jaguaruna,SC
Jaraguá do Sul,SC
Joaçaba,SC
Joinville,SC
Lacerdópolis,SC
Lages,SC
Laguna,SC
Laurentino,SC
Lauro Müller,SC
Lebon Régis,SC
Leoberto Leal,SC
Lontras,SC
Luiz Alves,SC
Mafra,SC
Major Gercino,SC
Major Vieira,SC
Maravilha,SC
Massaranduba,SC
Matos Costa,SC
Meleiro,SC
Modelo,SC
Mondaí,SC
Monte Castelo,SC
Morro da Fumaça,SC
Navegantes,SC
Nova Erechim,SC
Nova Trento,SC
Nova Veneza,SC
Orleans,SC
Ouro,SC
Palhoça,SC
Palma Sola,SC
Palmitos,SC
Papanduva,SC
Paulo Lopes,SC
Pedras Grandes,SC
Penha,SC
Peritiba,SC
Petrolândia,SC
Balneário Piçarras,SC
Pinhalzinho,SC
Pinheiro Preto,SC
Piratuba,SC
Pomerode,SC
Ponte Alta,SC
Ponte Serrada,SC
Porto Belo,SC
Porto União,SC
Pouso Redondo,SC
Praia Grande,SC
Presidente Castello Branco,SC
Presidente Getúlio,SC
Presidente Nereu,SC
Quilombo,SC
Rancho Queimado,SC
Rio das Antas,SC
Rio do Campo,SC
Rio do Oeste,SC
Rio dos Cedros,SC
Rio do Sul,SC
Rio Fortuna,SC
Rio Negrinho,SC
Rodeio,SC
Romelândia,SC
Salete,SC
Salto Veloso,SC
Santa Cecília,SC
Santa Rosa de Lima,SC
Santo Amaro da Imperatriz,SC
São Bento do Sul,SC
São Bonifácio,SC
São Carlos,SC
São Domingos,SC
São Francisco do Sul,SC
São João Batista,SC
São João do Sul,SC
São Joaquim,SC
São José,SC
São José do Cedro,SC
São José do Cerrito,SC
São Lourenço do Oeste,SC
São Ludgero,SC
São Martinho,SC
São Miguel do Oeste,SC
Saudades,SC
Schroeder,SC
Seara,SC
Siderópolis,SC
Sombrio,SC
Taió,SC
Tangará,SC
Tijucas,SC
Timbó,SC
Três Barras,SC
Treze de Maio,SC
Treze Tílias,SC
Trombudo Central,SC
Tubarão,SC
Turvo,SC
Urubici,SC
Urussanga,SC
Vargeão,SC
Vidal Ramos,SC
Videira,SC
Witmarsum,SC
Xanxerê,SC
Xavantina,SC
Xaxim,SC
Bom Jardim da Serra,SC
Maracajá,SC
Timbé do Sul,SC
Correia Pinto,SC
Otacílio Costa,SC
Balneário Rincão,SC
Pescaria Brava,SC
Abdon Batista,SC
Apiúna,SC
Celso Ramos,SC
Doutor Pedrinho,SC
Iporã do Oeste,SC
Iraceminha,SC
José Boiteux,SC
Lindóia do Sul,SC
Marema,SC
Santa Rosa do Sul,SC
Timbó Grande,SC
União do Oeste,SC
Urupema,SC
Vitor Meireles,SC
Itapoá,SC
Serra Alta,SC
Tunápolis,SC
Santana do São Francisco,SE
Amparo do São Francisco,SE
Aquidabã,SE
Aracaju,SE
Arauá,SE
Areia Branca,SE
Barra dos Coqueiros,SE
Brejo Grande,SE
Boquim,SE
Campo do Brito,SE
Canhoba,SE
Canindé de São Francisco,SE
Capela,SE
Carira,SE
Carmópolis,SE
Cedro de São João,SE
Cristinápolis,SE
Nossa Senhora Aparecida,SE
Cumbe,SE
Divina Pastora,SE
Estância,SE
Feira Nova,SE
Frei Paulo,SE
General Maynard,SE
Gararu,SE
Gracho Cardoso,SE
Ilha das Flores,SE
Indiaroba,SE
Itabaiana,SE
Itabaianinha,SE
Itabi,SE
Itaporanga d'Ajuda,SE
Japaratuba,SE
Japoatã,SE
Lagarto,SE
Laranjeiras,SE
Macambira,SE
Malhada dos Bois,SE
Malhador,SE
Maruim,SE
Moita Bonita,SE
Monte Alegre de Sergipe,SE
Muribeca,SE
Neópolis,SE
Nossa Senhora da Glória,SE
Nossa Senhora das Dores,SE
Nossa Senhora de Lourdes,SE
Nossa Senhora do Socorro,SE
Pacatuba,SE
Pedra Mole,SE
Pedrinhas,SE
Pinhão,SE
Pirambu,SE
Poço Redondo,SE
Poço Verde,SE
Porto da Folha,SE
Propriá,SE
Riachão do Dantas,SE
Riachuelo,SE
Ribeirópolis,SE
Rosário do Catete,SE
Salgado,SE
Santa Luzia do Itanhy,SE
Santa Rosa de Lima,SE
Santo Amaro das Brotas,SE
São Cristóvão,SE
São Domingos,SE
São Francisco,SE
São Miguel do Aleixo,SE
Simão Dias,SE
Siriri,SE
Telha,SE
Tobias Barreto,SE
Tomar do Geru,SE
Umbaúba,SE
Arco-Íris,SP
Brejo Alegre,SP
Canas,SP
Fernão,SP
Gavião Peixoto,SP
Ipiguá,SP
Jumirim,SP
Nantes,SP
Nova Castilho,SP
Ouroeste,SP
Paulistânia,SP
Pracinha,SP
Pratânia,SP
Quadra,SP
Ribeirão dos Índios,SP
Santa Cruz da Esperança,SP
Santa Salete,SP
Taquaral,SP
Trabiju,SP
Vitória Brasil,SP
Lourdes,SP
Santo Antônio do Aracanguá,SP
São João de Iracema,SP
Ilha Solteira,SP
Suzanápolis,SP
Canitar,SP
Engenheiro Coelho,SP
Hortolândia,SP
Holambra,SP
Tuiuti,SP
Vargem,SP
Estiva Gerbi,SP
Emilianópolis,SP
Pedrinhas Paulista,SP
Bertioga,SP
Cajati,SP
Ilha Comprida,SP
Ubarana,SP
Zacarias,SP
Elisiário,SP
Marapoama,SP
Novais,SP
Aspásia,SP
Mesópolis,SP
Nova Canaã Paulista,SP
Pontalinda,SP
Parisi,SP
Arapeí,SP
Potim,SP
Alambari,SP
Barra do Chapéu,SP
Campina do Monte Alegre,SP
Itaoca,SP
Itapirapuã Paulista,SP
Ribeirão Grande,SP
Bom Sucesso de Itararé,SP
Nova Campina,SP
Taquarivaí,SP
Alumínio,SP
Araçariguama,SP
Torre de Pedra,SP
Saltinho,SP
São Lourenço da Serra,SP
Adamantina,SP
Adolfo,SP
Aguaí,SP
Águas da Prata,SP
Águas de Lindóia,SP
Águas de São Pedro,SP
Agudos,SP
Alfredo Marcondes,SP
Altair,SP
Altinópolis,SP
Alto Alegre,SP
Álvares Florence,SP
Álvares Machado,SP
Álvaro de Carvalho,SP
Alvinlândia,SP
Americana,SP
Américo Brasiliense,SP
Américo de Campos,SP
Amparo,SP
Analândia,SP
Andradina,SP
Angatuba,SP
Anhembi,SP
Anhumas,SP
Aparecida,SP
Aparecida d'Oeste,SP
Apiaí,SP
Araçatuba,SP
Araçoiaba da Serra,SP
Aramina,SP
Arandu,SP
Araraquara,SP
Araras,SP
Arealva,SP
Areias,SP
Areiópolis,SP
Ariranha,SP
Artur Nogueira,SP
Arujá,SP
Assis,SP
Atibaia,SP
Auriflama,SP
Avaí,SP
Avanhandava,SP
Avaré,SP
Bady Bassitt,SP
Balbinos,SP
Bálsamo,SP
Bananal,SP
Barbosa,SP
Barão de Antonina,SP
Bariri,SP
Barra Bonita,SP
Barra do Turvo,SP
Barretos,SP
Barrinha,SP
Barueri,SP
Bastos,SP
Batatais,SP
Bauru,SP
Bebedouro,SP
Bento de Abreu,SP
Bernardino de Campos,SP
Bilac,SP
Birigui,SP
Biritiba Mirim,SP
Boa Esperança do Sul,SP
Bocaina,SP
Bofete,SP
Boituva,SP
Bom Jesus dos Perdões,SP
Borá,SP
Boracéia,SP
Borborema,SP
Botucatu,SP
Bragança Paulista,SP
Braúna,SP
Brodowski,SP
Brotas,SP
Buri,SP
Buritama,SP
Buritizal,SP
Cabrália Paulista,SP
Cabreúva,SP
Caçapava,SP
Cachoeira Paulista,SP
Caconde,SP
Cafelândia,SP
Caiabu,SP
Caieiras,SP
Caiuá,SP
Cajamar,SP
Cajobi,SP
Cajuru,SP
Campinas,SP
Campo Limpo Paulista,SP
Campos do Jordão,SP
Campos Novos Paulista,SP
Cananéia,SP
Cândido Mota,SP
Cândido Rodrigues,SP
Capão Bonito,SP
Capela do Alto,SP
Capivari,SP
Caraguatatuba,SP
Carapicuíba,SP
Cardoso,SP
Casa Branca,SP
Cássia dos Coqueiros,SP
Castilho,SP
Catanduva,SP
Catiguá,SP
Cedral,SP
Cerqueira César,SP
Cerquilho,SP
Cesário Lange,SP
Charqueada,SP
Chavantes,SP
Clementina,SP
Colina,SP
Colômbia,SP
Conchal,SP
Conchas,SP
Cordeirópolis,SP
Coroados,SP
Coronel Macedo,SP
Corumbataí,SP
Cosmópolis,SP
Cosmorama,SP
Cotia,SP
Cravinhos,SP
Cristais Paulista,SP
Cruzália,SP
Cruzeiro,SP
Cubatão,SP
Cunha,SP
Descalvado,SP
Diadema,SP
Divinolândia,SP
Dobrada,SP
Dois Córregos,SP
Dolcinópolis,SP
Dourado,SP
Dracena,SP
Duartina,SP
Dumont,SP
Echaporã,SP
Eldorado,SP
Elias Fausto,SP
Embu das Artes,SP
Embu-Guaçu,SP
Estrela d'Oeste,SP
Estrela do Norte,SP
Fartura,SP
Fernandópolis,SP
Fernando Prestes,SP
Ferraz de Vasconcelos,SP
Flora Rica,SP
Floreal,SP
Flórida Paulista,SP
Florínea,SP
Franca,SP
Francisco Morato,SP
Franco da Rocha,SP
Gabriel Monteiro,SP
Gália,SP
Garça,SP
Gastão Vidigal,SP
General Salgado,SP
Getulina,SP
Glicério,SP
Guaiçara,SP
Guaimbê,SP
Guaíra,SP
Guapiaçu,SP
Guapiara,SP
Guará,SP
Guaraçaí,SP
Guaraci,SP
Guarani d'Oeste,SP
Guarantã,SP
Guararapes,SP
Guararema,SP
Guaratinguetá,SP
Guareí,SP
Guariba,SP
Guarujá,SP
Guarulhos,SP
Guzolândia,SP
Herculândia,SP
Iacanga,SP
Iacri,SP
Ibaté,SP
Ibirá,SP
Ibirarema,SP
Ibitinga,SP
Ibiúna,SP
Icém,SP
Iepê,SP
Igaraçu do Tietê,SP
Igarapava,SP
Igaratá,SP
Iguape,SP
Ilhabela,SP
Indaiatuba,SP
Indiana,SP
Indiaporã,SP
Inúbia Paulista,SP
Ipaussu,SP
Iperó,SP
Ipeúna,SP
Iporanga,SP
Ipuã,SP
Iracemápolis,SP
Irapuã,SP
Irapuru,SP
Itaberá,SP
Itaí,SP
Itajobi,SP
Itaju,SP
Itanhaém,SP
Itapecerica da Serra,SP
Itapetininga,SP
Itapeva,SP
Itapevi,SP
Itapira,SP
Itápolis,SP
Itaporanga,SP
Itapuí,SP
Itapura,SP
Itaquaquecetuba,SP
Itararé,SP
Itariri,SP
Itatiba,SP
Itatinga,SP
Itirapina,SP
Itirapuã,SP
Itobi,SP
Itu,SP
Itupeva,SP
Ituverava,SP
Jaborandi,SP
Jaboticabal,SP
Jacareí,SP
Jaci,SP
Jacupiranga,SP
Jaguariúna,SP
Jales,SP
Jambeiro,SP
Jandira,SP
Jardinópolis,SP
Jarinu,SP
Jaú,SP
Jeriquara,SP
Joanópolis,SP
João Ramalho,SP
José Bonifácio,SP
Júlio Mesquita,SP
Jundiaí,SP
Junqueirópolis,SP
Juquiá,SP
Juquitiba,SP
Lagoinha,SP
Laranjal Paulista,SP
Lavínia,SP
Lavrinhas,SP
Leme,SP
Lençóis Paulista,SP
Limeira,SP
Lindóia,SP
Lins,SP
Lorena,SP
Louveira,SP
Lucélia,SP
Lucianópolis,SP
Luís Antônio,SP
Luiziânia,SP
Lupércio,SP
Lutécia,SP
Macatuba,SP
Macaubal,SP
Macedônia,SP
Magda,SP
Mairinque,SP
Mairiporã,SP
Manduri,SP
Marabá Paulista,SP
Maracaí,SP
Mariápolis,SP
Marília,SP
Marinópolis,SP
Martinópolis,SP
Matão,SP
Mauá,SP
Mendonça,SP
Meridiano,SP
Miguelópolis,SP
Mineiros do Tietê,SP
Miracatu,SP
Mira Estrela,SP
Mirandópolis,SP
Mirante do Paranapanema,SP
Mirassol,SP
Mirassolândia,SP
Mococa,SP
Mogi das Cruzes,SP
Mogi Guaçu,SP
Mogi Mirim,SP
Mombuca,SP
Monções,SP
Mongaguá,SP
Monte Alegre do Sul,SP
Monte Alto,SP
Monte Aprazível,SP
Monte Azul Paulista,SP
Monte Castelo,SP
Monteiro Lobato,SP
Monte Mor,SP
Morro Agudo,SP
Morungaba,SP
Murutinga do Sul,SP
Narandiba,SP
Natividade da Serra,SP
Nazaré Paulista,SP
Neves Paulista,SP
Nhandeara,SP
Nipoã,SP
Nova Aliança,SP
Nova Europa,SP
Nova Granada,SP
Nova Guataporanga,SP
Nova Independência,SP
Nova Luzitânia,SP
Nova Odessa,SP
Novo Horizonte,SP
Nuporanga,SP
Ocauçu,SP
Óleo,SP
Olímpia,SP
Onda Verde,SP
Oriente,SP
Orindiúva,SP
Orlândia,SP
Osasco,SP
Oscar Bressane,SP
Osvaldo Cruz,SP
Ourinhos,SP
Ouro Verde,SP
Pacaembu,SP
Palestina,SP
Palmares Paulista,SP
Palmeira d'Oeste,SP
Palmital,SP
Panorama,SP
Paraguaçu Paulista,SP
Paraibuna,SP
Paraíso,SP
Paranapanema,SP
Paranapuã,SP
Parapuã,SP
Pardinho,SP
Pariquera-Açu,SP
Patrocínio Paulista,SP
Paulicéia,SP
Paulínia,SP
Paulo de Faria,SP
Pederneiras,SP
Pedra Bela,SP
Pedranópolis,SP
Pedregulho,SP
Pedreira,SP
Pedro de Toledo,SP
Penápolis,SP
Pereira Barreto,SP
Pereiras,SP
Peruíbe,SP
Piacatu,SP
Piedade,SP
Pilar do Sul,SP
Pindamonhangaba,SP
Pindorama,SP
Espírito Santo do Pinhal,SP
Pinhalzinho,SP
Piquerobi,SP
Piquete,SP
Piracaia,SP
Piracicaba,SP
Piraju,SP
Pirajuí,SP
Pirangi,SP
Pirapora do Bom Jesus,SP
Pirapozinho,SP
Pirassununga,SP
Piratininga,SP
Pitangueiras,SP
Planalto,SP
Platina,SP
Poá,SP
Poloni,SP
Pompéia,SP
Pongaí,SP
Pontal,SP
Pontes Gestal,SP
Populina,SP
Porangaba,SP
Porto Feliz,SP
Porto Ferreira,SP
Potirendaba,SP
Pradópolis,SP
Praia Grande,SP
Presidente Alves,SP
Presidente Bernardes,SP
Presidente Epitácio,SP
Presidente Prudente,SP
Presidente Venceslau,SP
Promissão,SP
Quatá,SP
Queiroz,SP
Queluz,SP
Quintana,SP
Rafard,SP
Rancharia,SP
Redenção da Serra,SP
Regente Feijó,SP
Reginópolis,SP
Registro,SP
Restinga,SP
Ribeira,SP
Ribeirão Bonito,SP
Ribeirão Branco,SP
Ribeirão Corrente,SP
Ribeirão do Sul,SP
Ribeirão Pires,SP
Ribeirão Preto,SP
Riversul,SP
Rifaina,SP
Rincão,SP
Rinópolis,SP
Rio Claro,SP
Rio das Pedras,SP
Rio Grande da Serra,SP
Riolândia,SP
Roseira,SP
Rubiácea,SP
Rubinéia,SP
Sabino,SP
Sagres,SP
Sales,SP
Sales Oliveira,SP
Salesópolis,SP
Salmourão,SP
Salto,SP
Salto de Pirapora,SP
Salto Grande,SP
Sandovalina,SP
Santa Adélia,SP
Santa Albertina,SP
Santa Bárbara d'Oeste,SP
Águas de Santa Bárbara,SP
Santa Branca,SP
Santa Clara d'Oeste,SP
Santa Cruz da Conceição,SP
Santa Cruz das Palmeiras,SP
Santa Cruz do Rio Pardo,SP
Santa Ernestina,SP
Santa Fé do Sul,SP
Santa Gertrudes,SP
Santa Isabel,SP
Santa Lúcia,SP
Santa Maria da Serra,SP
Santa Mercedes,SP
Santana da Ponte Pensa,SP
Santana de Parnaíba,SP
Santa Rita d'Oeste,SP
Santa Rita do Passa Quatro,SP
Santa Rosa de Viterbo,SP
Santo Anastácio,SP
Santo André,SP
Santo Antônio da Alegria,SP
Santo Antônio de Posse,SP
Santo Antônio do Jardim,SP
Santo Antônio do Pinhal,SP
Santo Expedito,SP
Santópolis do Aguapeí,SP
Santos,SP
São Bento do Sapucaí,SP
São Bernardo do Campo,SP
São Caetano do Sul,SP
São Carlos,SP
São Francisco,SP
São João da Boa Vista,SP
São João das Duas Pontes,SP
São João do Pau d'Alho,SP
São Joaquim da Barra,SP
São José da Bela Vista,SP
São José do Barreiro,SP
São José do Rio Pardo,SP
São José do Rio Preto,SP
São José dos Campos,SP
São Luiz do Paraitinga,SP
São Manuel,SP
São Miguel Arcanjo,SP
São Paulo,SP
São Pedro,SP
São Pedro do Turvo,SP
São Roque,SP
São Sebastião,SP
São Sebastião da Grama,SP
São Simão,SP
São Vicente,SP
Sarapuí,SP
Sarutaiá,SP
Sebastianópolis do Sul,SP
Serra Azul,SP
Serrana,SP
Serra Negra,SP
Sertãozinho,SP
Sete Barras,SP
Severínia,SP
Silveiras,SP
Socorro,SP
Sorocaba,SP
Sud Mennucci,SP
Sumaré,SP
Suzano,SP
Tabapuã,SP
Tabatinga,SP
Taboão da Serra,SP
Taciba,SP
Taguaí,SP
Taiaçu,SP
Taiúva,SP
Tambaú,SP
Tanabi,SP
Tapiraí,SP
Tapiratiba,SP
Taquaritinga,SP
Taquarituba,SP
Tarabai,SP
Tatuí,SP
Taubaté,SP
Tejupá,SP
Teodoro Sampaio,SP
Terra Roxa,SP
Tietê,SP
Timburi,SP
Torrinha,SP
Tremembé,SP
Três Fronteiras,SP
Tupã,SP
Tupi Paulista,SP
Turiúba,SP
Turmalina,SP
Ubatuba,SP
Ubirajara,SP
Uchoa,SP
União Paulista,SP
Urânia,SP
Uru,SP
Urupês,SP
Valentim Gentil,SP
Valinhos,SP
Valparaíso,SP
Vargem Grande do Sul,SP
Várzea Paulista,SP
Vera Cruz,SP
Vinhedo,SP
Viradouro,SP
Vista Alegre do Alto,SP
Votorantim,SP
Votuporanga,SP
Borebi,SP
Dirce Reis,SP
Embaúba,SP
Espírito Santo do Turvo,SP
Euclides da Cunha Paulista,SP
Guatapará,SP
Iaras,SP
Motuca,SP
Rosana,SP
Tarumã,SP
Vargem Grande Paulista,SP
Aguiarnópolis,TO
Bandeirantes do Tocantins,TO
Barra do Ouro,TO
Chapada de Areia,TO
Chapada da Natividade,TO
Crixás do Tocantins,TO
Ipueiras,TO
Lavandeira,TO
Luzinópolis,TO
Monte Santo do Tocantins,TO
Oliveira de Fátima,TO
Pugmil,TO
Santa Rita do Tocantins,TO
Santa Terezinha do Tocantins,TO
Talismã,TO
Tupirama,TO
Angico,TO
Aragominas,TO
Araguanã,TO
Cachoeirinha,TO
Campos Lindos,TO
Carmolândia,TO
Carrasco Bonito,TO
Darcinópolis,TO
Esperantina,TO
Maurilândia do Tocantins,TO
Palmeiras do Tocantins,TO
Muricilândia,TO
Palmeirante,TO
Pau D'Arco,TO
Riachinho,TO
Santa Fé do Araguaia,TO
São Bento do Tocantins,TO
São Miguel do Tocantins,TO
Mateiros,TO
Novo Jardim,TO
Rio da Conceição,TO
Taipas do Tocantins,TO
Cariri do Tocantins,TO
Jaú do Tocantins,TO
Sandolândia,TO
São Salvador do Tocantins,TO
Sucupira,TO
Abreulândia,TO
Brasilândia do Tocantins,TO
Bom Jesus do Tocantins,TO
Centenário,TO
Tabocão,TO
Itapiratins,TO
Juarina,TO
Lajeado,TO
Lagoa do Tocantins,TO
Piraquê,TO
Recursolândia,TO
Rio dos Bois,TO
Santa Maria do Tocantins,TO
São Félix do Tocantins,TO
Tupiratins,TO
Lagoa da Confusão,TO
Formoso do Araguaia,TO
Gurupi,TO
Itacajá,TO
Itaguatins,TO
Itaporã do Tocantins,TO
Aliança do Tocantins,TO
Miracema do Tocantins,TO
Miranorte,TO
Monte do Carmo,TO
Natividade,TO
Nazaré,TO
Novo Acordo,TO
Paraíso do Tocantins,TO
Paranã,TO
Pedro Afonso,TO
Peixe,TO
Colméia,TO
Goiatins,TO
Pindorama do Tocantins,TO
Pium,TO
Ponte Alta do Bom Jesus,TO
Ponte Alta do Tocantins,TO
Porto Nacional,TO
Lizarda,TO
Almas,TO
Alvorada,TO
Ananás,TO
Araguacema,TO
Araguaçu,TO
Araguaína,TO
Araguatins,TO
Arapoema,TO
Arraias,TO
Aurora do Tocantins,TO
Axixá do Tocantins,TO
Babaçulândia,TO
Brejinho de Nazaré,TO
Colinas do Tocantins,TO
Conceição do Tocantins,TO
Couto Magalhães,TO
Cristalândia,TO
Dianópolis,TO
Dois Irmãos do Tocantins,TO
Dueré,TO
Filadélfia,TO
São Sebastião do Tocantins,TO
Sítio Novo do Tocantins,TO
Taguatinga,TO
Tocantínia,TO
Tocantinópolis,TO
Guaraí,TO
Presidente Kennedy,TO
Xambioá,TO
Palmeirópolis,TO
Silvanópolis,TO
Nova Olinda,TO
Wanderlândia,TO
Figueirópolis,TO
Rio Sono,TO
Fátima,TO
Augustinópolis,TO
São Valério,TO
Barrolândia,TO
Bernardo Sayão,TO
Combinado,TO
Goianorte,TO
Novo Alegre,TO
Pequizeiro,TO
Marianópolis do Tocantins,TO
Aparecida do Rio Negro,TO
Buriti do Tocantins,TO
Caseara,TO
Divinópolis do Tocantins,TO
Nova Rosalândia,TO
Porto Alegre do Tocantins,TO
Praia Norte,TO
Sampaio,TO
Santa Rosa do Tocantins,TO
Santa Tereza do Tocantins,TO
Palmas,TO